empCode,id,fName,lName,gender,dob,dateOfJoining,email,phNo,dept
EMP0001,10001,Diya,Reddy,Female,1995-04-09,2021-05-16,diya.reddy.1@company.com,900000001,Marketing
EMP0002,10002,Ananya,Reddy,Male,1970-07-27,2016-08-19,ananya.reddy.2@company.com,900000002,Engineering
EMP0003,10003,Diya,Gupta,Female,1991-09-15,2010-05-12,diya.gupta.3@company.com,900000003,Legal
EMP0004,10004,Sai,Gupta,Female,1994-02-09,2017-03-11,sai.gupta.4@company.com,900000004,Sales
EMP0005,10005,Aadhya,Nair,Male,1992-05-05,2021-08-05,aadhya.nair.5@company.com,900000005,Finance
EMP0006,10006,Aarav,Joshi,Female,1972-06-01,2010-06-21,aarav.joshi.6@company.com,900000006,Sales
EMP0007,10007,Diya,Iyer,Male,1996-03-02,2016-10-06,diya.iyer.7@company.com,900000007,Support
EMP0008,10008,Ishaan,Sharma,Male,2001-01-22,2020-06-23,ishaan.sharma.8@company.com,900000008,Marketing
EMP0009,10009,Ishani,Reddy,Male,2002-04-11,2012-02-22,ishani.reddy.9@company.com,900000009,Support
EMP0010,10010,Ishani,Verma,Male,1974-11-21,2020-08-13,ishani.verma.10@company.com,900000010,Sales
EMP0011,10011,Vihaan,Patel,Male,1990-07-20,2023-08-14,vihaan.patel.11@company.com,900000011,HR
EMP0012,10012,Diya,Verma,Male,1978-12-28,2017-03-22,diya.verma.12@company.com,900000012,HR
EMP0013,10013,Arjun,Reddy,Male,1979-04-08,2018-01-10,arjun.reddy.13@company.com,900000013,HR
EMP0014,10014,Ishaan,Verma,Female,1983-07-17,2021-12-26,ishaan.verma.14@company.com,900000014,Sales
EMP0015,10015,Aarav,Reddy,Male,1982-08-10,2021-04-14,aarav.reddy.15@company.com,900000015,Product
EMP0016,10016,Aadhya,Singh,Male,1993-05-25,2013-05-21,aadhya.singh.16@company.com,900000016,Marketing
EMP0017,10017,Aarav,Reddy,Male,2000-10-23,2019-09-04,aarav.reddy.17@company.com,900000017,Engineering
EMP0018,10018,Sai,Verma,Female,1988-03-18,2020-11-02,sai.verma.18@company.com,900000018,Finance
EMP0019,10019,Ishaan,Nair,Male,1974-03-10,2019-03-23,ishaan.nair.19@company.com,900000019,Legal
EMP0020,10020,Ishani,Gupta,Male,1990-12-02,2022-07-04,ishani.gupta.20@company.com,900000020,Sales
EMP0021,10021,Vihaan,Nair,Female,1986-10-24,2023-04-06,vihaan.nair.21@company.com,900000021,HR
EMP0022,10022,Ishaan,Nair,Male,1996-06-03,2012-11-23,ishaan.nair.22@company.com,900000022,Finance
EMP0023,10023,Vihaan,Joshi,Male,1979-10-17,2010-03-13,vihaan.joshi.23@company.com,900000023,Legal
EMP0024,10024,Ishaan,Gupta,Male,1986-10-06,2012-12-15,ishaan.gupta.24@company.com,900000024,Legal
EMP0025,10025,Aarav,Reddy,Male,2001-10-16,2010-12-26,aarav.reddy.25@company.com,900000025,Sales
EMP0026,10026,Ananya,Verma,Male,1982-05-22,2018-04-20,ananya.verma.26@company.com,900000026,Product
EMP0027,10027,Aditya,Patel,Male,2001-03-11,2012-06-16,aditya.patel.27@company.com,900000027,Engineering
EMP0028,10028,Vihaan,Gupta,Male,1985-06-29,2016-02-05,vihaan.gupta.28@company.com,900000028,Marketing
EMP0029,10029,Diya,Kumar,Male,1986-04-25,2010-09-01,diya.kumar.29@company.com,900000029,Finance
EMP0030,10030,Ishaan,Joshi,Female,1999-10-31,2019-08-28,ishaan.joshi.30@company.com,900000030,Engineering
EMP0031,10031,Ishaan,Kumar,Male,1992-02-11,2015-11-14,ishaan.kumar.31@company.com,900000031,Finance
EMP0032,10032,Sai,Verma,Male,1976-01-24,2015-12-11,sai.verma.32@company.com,900000032,Engineering
EMP0033,10033,Sai,Singh,Male,1973-09-04,2021-04-27,sai.singh.33@company.com,900000033,Support
EMP0034,10034,Aditya,Sharma,Female,1973-09-22,2014-03-18,aditya.sharma.34@company.com,900000034,Sales
EMP0035,10035,Aarav,Verma,Female,1992-05-22,2021-03-12,aarav.verma.35@company.com,900000035,Finance
EMP0036,10036,Aditya,Joshi,Male,2002-03-03,2011-11-20,aditya.joshi.36@company.com,900000036,Sales
EMP0037,10037,Aditya,Iyer,Male,1990-06-28,2015-06-04,aditya.iyer.37@company.com,900000037,Engineering
EMP0038,10038,Aditya,Joshi,Female,1992-04-10,2021-06-28,aditya.joshi.38@company.com,900000038,Legal
EMP0039,10039,Ishani,Reddy,Female,1991-11-25,2017-02-25,ishani.reddy.39@company.com,900000039,Legal
EMP0040,10040,Ananya,Joshi,Male,1995-06-26,2018-02-22,ananya.joshi.40@company.com,900000040,HR
EMP0041,10041,Ananya,Joshi,Female,2002-01-09,2019-06-26,ananya.joshi.41@company.com,900000041,HR
EMP0042,10042,Aditya,Singh,Male,1990-04-05,2023-01-01,aditya.singh.42@company.com,900000042,Product
EMP0043,10043,Aarav,Patel,Female,1985-01-19,2020-05-31,aarav.patel.43@company.com,900000043,HR
EMP0044,10044,Aditya,Reddy,Male,1971-06-20,2013-01-26,aditya.reddy.44@company.com,900000044,Marketing
EMP0045,10045,Aadhya,Patel,Female,1996-04-22,2010-10-09,aadhya.patel.45@company.com,900000045,HR
EMP0046,10046,Ananya,Verma,Male,1994-03-12,2010-12-16,ananya.verma.46@company.com,900000046,Finance
EMP0047,10047,Ananya,Patel,Female,1983-01-18,2013-09-07,ananya.patel.47@company.com,900000047,Marketing
EMP0048,10048,Aditya,Kumar,Female,1987-05-05,2021-09-13,aditya.kumar.48@company.com,900000048,Legal
EMP0049,10049,Diya,Reddy,Male,1978-03-11,2021-03-30,diya.reddy.49@company.com,900000049,Legal
EMP0050,10050,Sai,Patel,Female,1986-09-06,2018-08-14,sai.patel.50@company.com,900000050,Engineering
EMP0051,10051,Ananya,Reddy,Male,1978-06-21,2014-04-22,ananya.reddy.51@company.com,900000051,Sales
EMP0052,10052,Vihaan,Gupta,Male,1989-06-02,2022-02-26,vihaan.gupta.52@company.com,900000052,Sales
EMP0053,10053,Ishani,Verma,Male,1976-10-28,2015-04-14,ishani.verma.53@company.com,900000053,HR
EMP0054,10054,Aditya,Joshi,Female,1987-03-08,2021-05-27,aditya.joshi.54@company.com,900000054,HR
EMP0055,10055,Vihaan,Joshi,Male,1985-05-19,2021-04-26,vihaan.joshi.55@company.com,900000055,Sales
EMP0056,10056,Vihaan,Verma,Female,1972-12-21,2010-10-29,vihaan.verma.56@company.com,900000056,Legal
EMP0057,10057,Aadhya,Reddy,Female,1982-05-17,2017-08-15,aadhya.reddy.57@company.com,900000057,Legal
EMP0058,10058,Vihaan,Singh,Female,1995-12-29,2018-02-04,vihaan.singh.58@company.com,900000058,Support
EMP0059,10059,Ishaan,Singh,Female,1981-01-20,2011-08-17,ishaan.singh.59@company.com,900000059,Support
EMP0060,10060,Aadhya,Nair,Female,1991-06-09,2019-11-16,aadhya.nair.60@company.com,900000060,Finance
EMP0061,10061,Vihaan,Verma,Male,1996-08-16,2020-10-21,vihaan.verma.61@company.com,900000061,Marketing
EMP0062,10062,Ishaan,Kumar,Female,1983-01-08,2023-06-21,ishaan.kumar.62@company.com,900000062,Support
EMP0063,10063,Ishaan,Reddy,Female,1977-11-17,2017-10-11,ishaan.reddy.63@company.com,900000063,Legal
EMP0064,10064,Aditya,Kumar,Male,1984-10-07,2012-04-12,aditya.kumar.64@company.com,900000064,Engineering
EMP0065,10065,Vihaan,Patel,Female,1996-01-15,2021-02-21,vihaan.patel.65@company.com,900000065,Marketing
EMP0066,10066,Vihaan,Reddy,Female,1981-03-04,2013-10-12,vihaan.reddy.66@company.com,900000066,Finance
EMP0067,10067,Diya,Nair,Male,1977-09-27,2013-03-14,diya.nair.67@company.com,900000067,Finance
EMP0068,10068,Aditya,Patel,Female,1983-06-20,2018-01-03,aditya.patel.68@company.com,900000068,Finance
EMP0069,10069,Diya,Joshi,Female,1990-09-17,2010-12-28,diya.joshi.69@company.com,900000069,Finance
EMP0070,10070,Sai,Patel,Male,1982-11-12,2016-02-22,sai.patel.70@company.com,900000070,Engineering
EMP0071,10071,Ananya,Singh,Female,1974-06-12,2018-08-21,ananya.singh.71@company.com,900000071,Product
EMP0072,10072,Aditya,Joshi,Female,1971-01-12,2018-06-24,aditya.joshi.72@company.com,900000072,Support
EMP0073,10073,Vihaan,Joshi,Male,1974-08-02,2023-05-08,vihaan.joshi.73@company.com,900000073,Marketing
EMP0074,10074,Aarav,Verma,Male,1975-01-06,2022-03-02,aarav.verma.74@company.com,900000074,HR
EMP0075,10075,Aarav,Joshi,Female,1990-06-18,2011-02-16,aarav.joshi.75@company.com,900000075,Sales
EMP0076,10076,Diya,Singh,Female,1996-02-08,2017-12-29,diya.singh.76@company.com,900000076,Sales
EMP0077,10077,Ananya,Sharma,Female,1978-09-04,2013-07-14,ananya.sharma.77@company.com,900000077,Engineering
EMP0078,10078,Diya,Patel,Male,1978-07-10,2012-01-12,diya.patel.78@company.com,900000078,Legal
EMP0079,10079,Aadhya,Joshi,Female,1977-09-21,2014-03-08,aadhya.joshi.79@company.com,900000079,Support
EMP0080,10080,Aarav,Kumar,Female,1976-05-23,2022-10-22,aarav.kumar.80@company.com,900000080,Finance
EMP0081,10081,Sai,Sharma,Male,1992-05-22,2016-04-11,sai.sharma.81@company.com,900000081,Finance
EMP0082,10082,Arjun,Reddy,Male,1990-01-20,2015-09-08,arjun.reddy.82@company.com,900000082,Support
EMP0083,10083,Ananya,Verma,Male,1970-12-14,2012-02-01,ananya.verma.83@company.com,900000083,Engineering
EMP0084,10084,Ishaan,Nair,Female,1979-02-19,2020-06-16,ishaan.nair.84@company.com,900000084,Marketing
EMP0085,10085,Aditya,Verma,Female,1995-06-19,2014-05-09,aditya.verma.85@company.com,900000085,Engineering
EMP0086,10086,Ishani,Verma,Male,1973-04-24,2014-10-30,ishani.verma.86@company.com,900000086,Finance
EMP0087,10087,Ananya,Joshi,Female,2002-04-22,2014-09-30,ananya.joshi.87@company.com,900000087,HR
EMP0088,10088,Ishaan,Sharma,Male,1986-10-30,2010-03-18,ishaan.sharma.88@company.com,900000088,Sales
EMP0089,10089,Vihaan,Sharma,Male,1988-02-13,2015-10-18,vihaan.sharma.89@company.com,900000089,Product
EMP0090,10090,Arjun,Nair,Female,1988-01-11,2022-02-08,arjun.nair.90@company.com,900000090,Support
EMP0091,10091,Aadhya,Sharma,Female,1996-10-11,2011-02-24,aadhya.sharma.91@company.com,900000091,Marketing
EMP0092,10092,Aarav,Joshi,Male,1998-09-03,2012-09-26,aarav.joshi.92@company.com,900000092,Engineering
EMP0093,10093,Diya,Gupta,Male,1995-06-17,2018-07-03,diya.gupta.93@company.com,900000093,Support
EMP0094,10094,Ishaan,Sharma,Male,2002-09-19,2016-08-01,ishaan.sharma.94@company.com,900000094,Engineering
EMP0095,10095,Diya,Patel,Male,1980-03-05,2013-06-10,diya.patel.95@company.com,900000095,Finance
EMP0096,10096,Ishaan,Verma,Female,2001-02-07,2014-11-17,ishaan.verma.96@company.com,900000096,Sales
EMP0097,10097,Aadhya,Verma,Female,1986-12-25,2021-03-14,aadhya.verma.97@company.com,900000097,HR
EMP0098,10098,Ishaan,Sharma,Female,1988-11-19,2012-09-05,ishaan.sharma.98@company.com,900000098,Legal
EMP0099,10099,Ananya,Singh,Male,1987-10-07,2018-07-23,ananya.singh.99@company.com,900000099,Marketing
EMP0100,10100,Ishani,Patel,Male,1997-05-16,2021-03-16,ishani.patel.100@company.com,900000100,HR
EMP0101,10101,Vihaan,Kumar,Female,1980-05-24,2014-12-16,vihaan.kumar.101@company.com,900000101,Support
EMP0102,10102,Diya,Sharma,Female,2000-10-07,2012-07-28,diya.sharma.102@company.com,900000102,Marketing
EMP0103,10103,Aarav,Gupta,Female,1974-10-26,2010-10-23,aarav.gupta.103@company.com,900000103,Engineering
EMP0104,10104,Aditya,Reddy,Female,2000-11-17,2016-07-20,aditya.reddy.104@company.com,900000104,HR
EMP0105,10105,Aditya,Singh,Female,1982-05-04,2014-06-17,aditya.singh.105@company.com,900000105,Legal
EMP0106,10106,Ananya,Kumar,Male,1983-07-04,2017-01-30,ananya.kumar.106@company.com,900000106,Engineering
EMP0107,10107,Aarav,Gupta,Male,1997-06-07,2020-12-25,aarav.gupta.107@company.com,900000107,Sales
EMP0108,10108,Vihaan,Nair,Female,1999-10-31,2011-05-17,vihaan.nair.108@company.com,900000108,Marketing
EMP0109,10109,Arjun,Gupta,Male,1990-08-01,2010-12-13,arjun.gupta.109@company.com,900000109,HR
EMP0110,10110,Aadhya,Reddy,Female,1982-01-28,2011-01-06,aadhya.reddy.110@company.com,900000110,Marketing
EMP0111,10111,Aadhya,Verma,Male,1989-12-15,2020-06-02,aadhya.verma.111@company.com,900000111,Engineering
EMP0112,10112,Aditya,Sharma,Male,1971-07-07,2012-08-17,aditya.sharma.112@company.com,900000112,HR
EMP0113,10113,Aarav,Verma,Male,1977-09-18,2017-09-03,aarav.verma.113@company.com,900000113,Product
EMP0114,10114,Ishaan,Sharma,Female,1986-07-31,2018-06-03,ishaan.sharma.114@company.com,900000114,Marketing
EMP0115,10115,Arjun,Sharma,Male,1971-07-13,2018-08-05,arjun.sharma.115@company.com,900000115,Support
EMP0116,10116,Arjun,Kumar,Male,1974-08-13,2016-07-16,arjun.kumar.116@company.com,900000116,Sales
EMP0117,10117,Aditya,Reddy,Male,1983-05-10,2011-10-09,aditya.reddy.117@company.com,900000117,Product
EMP0118,10118,Ananya,Patel,Male,1972-12-24,2017-06-08,ananya.patel.118@company.com,900000118,HR
EMP0119,10119,Sai,Kumar,Female,2000-06-10,2014-08-13,sai.kumar.119@company.com,900000119,Marketing
EMP0120,10120,Ananya,Iyer,Female,1973-05-23,2016-04-27,ananya.iyer.120@company.com,900000120,Finance
EMP0121,10121,Aarav,Patel,Male,1990-04-21,2012-05-25,aarav.patel.121@company.com,900000121,HR
EMP0122,10122,Arjun,Sharma,Female,1992-02-22,2011-06-11,arjun.sharma.122@company.com,900000122,Product
EMP0123,10123,Aditya,Verma,Male,1994-07-24,2017-03-01,aditya.verma.123@company.com,900000123,Product
EMP0124,10124,Ananya,Iyer,Female,1978-07-07,2021-10-11,ananya.iyer.124@company.com,900000124,Marketing
EMP0125,10125,Arjun,Gupta,Female,1978-02-12,2017-03-31,arjun.gupta.125@company.com,900000125,Legal
EMP0126,10126,Arjun,Nair,Male,1985-05-12,2020-04-09,arjun.nair.126@company.com,900000126,Legal
EMP0127,10127,Sai,Verma,Male,1970-01-13,2012-08-24,sai.verma.127@company.com,900000127,Support
EMP0128,10128,Ishani,Sharma,Female,1970-06-15,2016-12-16,ishani.sharma.128@company.com,900000128,Finance
EMP0129,10129,Sai,Nair,Male,1970-04-18,2015-10-24,sai.nair.129@company.com,900000129,Legal
EMP0130,10130,Ananya,Kumar,Female,1975-06-20,2015-09-16,ananya.kumar.130@company.com,900000130,Product
EMP0131,10131,Ananya,Reddy,Female,1987-12-23,2010-02-01,ananya.reddy.131@company.com,900000131,Engineering
EMP0132,10132,Aarav,Verma,Male,1989-12-15,2011-04-13,aarav.verma.132@company.com,900000132,HR
EMP0133,10133,Sai,Iyer,Male,1972-10-05,2022-01-01,sai.iyer.133@company.com,900000133,Support
EMP0134,10134,Aarav,Patel,Male,1981-10-05,2011-07-17,aarav.patel.134@company.com,900000134,Finance
EMP0135,10135,Sai,Kumar,Male,2002-02-11,2013-10-26,sai.kumar.135@company.com,900000135,Sales
EMP0136,10136,Ananya,Verma,Male,1983-02-10,2012-05-14,ananya.verma.136@company.com,900000136,Legal
EMP0137,10137,Ananya,Kumar,Male,1990-12-07,2020-12-18,ananya.kumar.137@company.com,900000137,Legal
EMP0138,10138,Vihaan,Sharma,Female,1973-12-11,2016-10-14,vihaan.sharma.138@company.com,900000138,Legal
EMP0139,10139,Arjun,Verma,Female,1997-02-08,2017-02-16,arjun.verma.139@company.com,900000139,Finance
EMP0140,10140,Aditya,Reddy,Female,1989-10-02,2019-06-18,aditya.reddy.140@company.com,900000140,Marketing
EMP0141,10141,Ananya,Singh,Male,1996-01-17,2010-07-21,ananya.singh.141@company.com,900000141,Product
EMP0142,10142,Ananya,Verma,Male,1973-07-30,2018-01-18,ananya.verma.142@company.com,900000142,Product
EMP0143,10143,Diya,Reddy,Female,1978-01-03,2019-07-26,diya.reddy.143@company.com,900000143,Product
EMP0144,10144,Diya,Patel,Male,1991-05-05,2021-12-31,diya.patel.144@company.com,900000144,Product
EMP0145,10145,Vihaan,Gupta,Female,1976-02-24,2011-01-19,vihaan.gupta.145@company.com,900000145,Engineering
EMP0146,10146,Diya,Nair,Male,1994-08-07,2021-04-29,diya.nair.146@company.com,900000146,Product
EMP0147,10147,Arjun,Singh,Male,2001-07-02,2014-01-07,arjun.singh.147@company.com,900000147,Support
EMP0148,10148,Ishani,Reddy,Male,1985-12-14,2015-04-19,ishani.reddy.148@company.com,900000148,Product
EMP0149,10149,Aadhya,Gupta,Female,1973-09-01,2016-08-21,aadhya.gupta.149@company.com,900000149,Sales
EMP0150,10150,Arjun,Gupta,Female,1974-10-11,2017-10-16,arjun.gupta.150@company.com,900000150,Engineering
EMP0151,10151,Diya,Nair,Male,1979-07-08,2018-01-15,diya.nair.151@company.com,900000151,Sales
EMP0152,10152,Aditya,Gupta,Male,1987-10-17,2014-08-25,aditya.gupta.152@company.com,900000152,Marketing
EMP0153,10153,Arjun,Iyer,Male,1997-09-05,2010-08-19,arjun.iyer.153@company.com,900000153,Support
EMP0154,10154,Aditya,Iyer,Female,1986-08-30,2023-01-20,aditya.iyer.154@company.com,900000154,Finance
EMP0155,10155,Ishaan,Reddy,Male,2002-06-17,2018-04-23,ishaan.reddy.155@company.com,900000155,Marketing
EMP0156,10156,Vihaan,Patel,Female,1978-01-02,2014-08-30,vihaan.patel.156@company.com,900000156,Product
EMP0157,10157,Aditya,Patel,Female,1986-09-13,2020-05-23,aditya.patel.157@company.com,900000157,Product
EMP0158,10158,Ananya,Reddy,Female,1994-12-04,2014-01-21,ananya.reddy.158@company.com,900000158,Legal
EMP0159,10159,Ishaan,Kumar,Female,1986-12-01,2020-07-07,ishaan.kumar.159@company.com,900000159,Finance
EMP0160,10160,Ishani,Joshi,Female,1981-10-24,2012-09-02,ishani.joshi.160@company.com,900000160,Marketing
EMP0161,10161,Sai,Singh,Female,1983-05-06,2018-02-04,sai.singh.161@company.com,900000161,Engineering
EMP0162,10162,Ishaan,Patel,Male,1998-09-08,2022-09-20,ishaan.patel.162@company.com,900000162,Finance
EMP0163,10163,Aarav,Gupta,Male,1973-03-09,2010-08-24,aarav.gupta.163@company.com,900000163,Product
EMP0164,10164,Ishani,Nair,Male,1980-03-08,2015-07-20,ishani.nair.164@company.com,900000164,Legal
EMP0165,10165,Ananya,Verma,Female,1988-09-29,2017-12-31,ananya.verma.165@company.com,900000165,Sales
EMP0166,10166,Aarav,Joshi,Female,1979-08-20,2017-04-03,aarav.joshi.166@company.com,900000166,Marketing
EMP0167,10167,Diya,Sharma,Female,2001-01-05,2021-01-31,diya.sharma.167@company.com,900000167,Sales
EMP0168,10168,Ananya,Iyer,Male,1996-12-25,2022-04-17,ananya.iyer.168@company.com,900000168,Engineering
EMP0169,10169,Sai,Nair,Female,1979-07-19,2011-12-08,sai.nair.169@company.com,900000169,Engineering
EMP0170,10170,Aadhya,Iyer,Female,1996-05-14,2011-03-21,aadhya.iyer.170@company.com,900000170,Engineering
EMP0171,10171,Vihaan,Reddy,Female,1984-10-25,2017-09-03,vihaan.reddy.171@company.com,900000171,Support
EMP0172,10172,Arjun,Sharma,Male,1993-05-21,2016-08-07,arjun.sharma.172@company.com,900000172,Finance
EMP0173,10173,Aarav,Reddy,Female,1993-01-26,2022-10-24,aarav.reddy.173@company.com,900000173,Legal
EMP0174,10174,Ishani,Singh,Male,1977-02-23,2019-05-14,ishani.singh.174@company.com,900000174,Engineering
EMP0175,10175,Ishaan,Gupta,Female,1992-09-20,2022-04-05,ishaan.gupta.175@company.com,900000175,Support
EMP0176,10176,Vihaan,Gupta,Male,1983-09-02,2012-01-24,vihaan.gupta.176@company.com,900000176,Finance
EMP0177,10177,Ananya,Kumar,Female,1974-04-26,2016-04-17,ananya.kumar.177@company.com,900000177,Sales
EMP0178,10178,Arjun,Kumar,Female,1974-05-26,2022-10-02,arjun.kumar.178@company.com,900000178,Marketing
EMP0179,10179,Diya,Nair,Female,1994-02-10,2016-08-15,diya.nair.179@company.com,900000179,Marketing
EMP0180,10180,Sai,Reddy,Male,1987-12-28,2023-04-16,sai.reddy.180@company.com,900000180,Finance
EMP0181,10181,Aditya,Verma,Female,1991-06-30,2021-06-18,aditya.verma.181@company.com,900000181,Support
EMP0182,10182,Ishani,Nair,Female,1990-05-07,2022-06-17,ishani.nair.182@company.com,900000182,HR
EMP0183,10183,Sai,Iyer,Male,1988-06-05,2011-08-16,sai.iyer.183@company.com,900000183,HR
EMP0184,10184,Ishaan,Singh,Female,2002-08-06,2018-09-29,ishaan.singh.184@company.com,900000184,Product
EMP0185,10185,Aarav,Patel,Male,1975-12-02,2020-08-04,aarav.patel.185@company.com,900000185,Sales
EMP0186,10186,Ishaan,Gupta,Male,1971-04-06,2016-10-29,ishaan.gupta.186@company.com,900000186,Engineering
EMP0187,10187,Vihaan,Nair,Male,1981-10-10,2018-01-26,vihaan.nair.187@company.com,900000187,Legal
EMP0188,10188,Aditya,Joshi,Female,1992-09-09,2017-11-04,aditya.joshi.188@company.com,900000188,Sales
EMP0189,10189,Ananya,Joshi,Male,1979-10-20,2015-07-21,ananya.joshi.189@company.com,900000189,HR
EMP0190,10190,Sai,Reddy,Male,2000-06-24,2018-10-16,sai.reddy.190@company.com,900000190,Legal
EMP0191,10191,Ishaan,Nair,Male,1973-05-04,2017-08-16,ishaan.nair.191@company.com,900000191,Finance
EMP0192,10192,Aadhya,Nair,Female,1994-08-18,2023-03-03,aadhya.nair.192@company.com,900000192,Marketing
EMP0193,10193,Aditya,Sharma,Male,2001-01-05,2011-09-13,aditya.sharma.193@company.com,900000193,Product
EMP0194,10194,Aadhya,Nair,Female,1995-06-23,2012-09-06,aadhya.nair.194@company.com,900000194,HR
EMP0195,10195,Vihaan,Sharma,Female,1973-09-21,2021-07-29,vihaan.sharma.195@company.com,900000195,Legal
EMP0196,10196,Ishani,Nair,Female,1996-05-23,2011-01-21,ishani.nair.196@company.com,900000196,Finance
EMP0197,10197,Ananya,Singh,Male,1974-08-03,2022-10-18,ananya.singh.197@company.com,900000197,Finance
EMP0198,10198,Diya,Nair,Male,1990-12-30,2010-09-11,diya.nair.198@company.com,900000198,Marketing
EMP0199,10199,Vihaan,Joshi,Female,1987-09-15,2016-03-29,vihaan.joshi.199@company.com,900000199,Finance
EMP0200,10200,Aadhya,Patel,Male,1987-07-18,2020-07-04,aadhya.patel.200@company.com,900000200,Support
EMP0201,10201,Vihaan,Reddy,Female,2001-06-10,2013-12-25,vihaan.reddy.201@company.com,900000201,Sales
EMP0202,10202,Aditya,Sharma,Male,1997-10-16,2021-04-28,aditya.sharma.202@company.com,900000202,Sales
EMP0203,10203,Aadhya,Nair,Female,1994-06-18,2019-03-31,aadhya.nair.203@company.com,900000203,Sales
EMP0204,10204,Aarav,Gupta,Female,1986-11-24,2022-02-08,aarav.gupta.204@company.com,900000204,Finance
EMP0205,10205,Arjun,Reddy,Male,1971-09-12,2020-12-09,arjun.reddy.205@company.com,900000205,Marketing
EMP0206,10206,Vihaan,Verma,Female,1999-10-19,2023-06-18,vihaan.verma.206@company.com,900000206,HR
EMP0207,10207,Vihaan,Iyer,Male,1971-09-07,2021-02-02,vihaan.iyer.207@company.com,900000207,Engineering
EMP0208,10208,Arjun,Reddy,Male,1974-10-14,2017-03-19,arjun.reddy.208@company.com,900000208,Product
EMP0209,10209,Aditya,Patel,Male,1993-11-19,2015-10-11,aditya.patel.209@company.com,900000209,Engineering
EMP0210,10210,Ishaan,Iyer,Male,1974-10-22,2020-06-08,ishaan.iyer.210@company.com,900000210,HR
EMP0211,10211,Aarav,Reddy,Female,1990-04-19,2013-10-26,aarav.reddy.211@company.com,900000211,Sales
EMP0212,10212,Diya,Reddy,Female,1970-09-28,2019-08-10,diya.reddy.212@company.com,900000212,Finance
EMP0213,10213,Ishani,Verma,Male,1974-12-01,2010-02-03,ishani.verma.213@company.com,900000213,Finance
EMP0214,10214,Sai,Sharma,Female,1974-09-24,2010-06-05,sai.sharma.214@company.com,900000214,Marketing
EMP0215,10215,Arjun,Singh,Male,1995-12-23,2016-01-15,arjun.singh.215@company.com,900000215,Marketing
EMP0216,10216,Aditya,Kumar,Male,1977-07-13,2020-01-21,aditya.kumar.216@company.com,900000216,Support
EMP0217,10217,Vihaan,Verma,Female,1985-03-08,2013-12-02,vihaan.verma.217@company.com,900000217,HR
EMP0218,10218,Ishaan,Kumar,Female,1998-10-06,2021-03-08,ishaan.kumar.218@company.com,900000218,Sales
EMP0219,10219,Diya,Sharma,Female,1995-09-29,2020-12-07,diya.sharma.219@company.com,900000219,Sales
EMP0220,10220,Aarav,Joshi,Male,1975-07-11,2011-07-09,aarav.joshi.220@company.com,900000220,Marketing
EMP0221,10221,Aditya,Reddy,Male,1998-07-20,2019-03-18,aditya.reddy.221@company.com,900000221,HR
EMP0222,10222,Vihaan,Joshi,Female,1984-05-29,2021-04-19,vihaan.joshi.222@company.com,900000222,Product
EMP0223,10223,Vihaan,Kumar,Male,1987-07-30,2015-02-04,vihaan.kumar.223@company.com,900000223,HR
EMP0224,10224,Diya,Reddy,Male,1983-12-29,2012-04-20,diya.reddy.224@company.com,900000224,HR
EMP0225,10225,Aarav,Nair,Male,1980-09-16,2015-05-23,aarav.nair.225@company.com,900000225,Legal
EMP0226,10226,Vihaan,Reddy,Female,1997-07-04,2017-03-09,vihaan.reddy.226@company.com,900000226,Sales
EMP0227,10227,Sai,Kumar,Male,1980-02-28,2011-04-01,sai.kumar.227@company.com,900000227,Finance
EMP0228,10228,Ishaan,Sharma,Female,1994-02-24,2014-12-30,ishaan.sharma.228@company.com,900000228,Legal
EMP0229,10229,Diya,Gupta,Female,1976-11-23,2019-11-18,diya.gupta.229@company.com,900000229,Finance
EMP0230,10230,Ishani,Nair,Male,1978-06-07,2020-01-08,ishani.nair.230@company.com,900000230,Engineering
EMP0231,10231,Aarav,Gupta,Male,2000-07-17,2020-04-01,aarav.gupta.231@company.com,900000231,Support
EMP0232,10232,Aditya,Gupta,Male,1988-08-26,2023-01-02,aditya.gupta.232@company.com,900000232,Engineering
EMP0233,10233,Aadhya,Kumar,Male,1997-09-08,2022-11-22,aadhya.kumar.233@company.com,900000233,Support
EMP0234,10234,Aditya,Singh,Male,1989-03-25,2014-10-26,aditya.singh.234@company.com,900000234,Legal
EMP0235,10235,Ishani,Nair,Female,1999-02-24,2021-08-01,ishani.nair.235@company.com,900000235,Support
EMP0236,10236,Arjun,Patel,Male,1983-08-05,2022-01-01,arjun.patel.236@company.com,900000236,Product
EMP0237,10237,Diya,Reddy,Male,1975-08-26,2010-12-28,diya.reddy.237@company.com,900000237,Engineering
EMP0238,10238,Aarav,Verma,Female,1979-04-03,2018-06-26,aarav.verma.238@company.com,900000238,Marketing
EMP0239,10239,Arjun,Nair,Male,2002-01-31,2020-06-16,arjun.nair.239@company.com,900000239,Marketing
EMP0240,10240,Diya,Gupta,Female,1975-05-31,2018-11-10,diya.gupta.240@company.com,900000240,Support
EMP0241,10241,Ananya,Sharma,Female,1983-11-24,2015-06-08,ananya.sharma.241@company.com,900000241,Legal
EMP0242,10242,Diya,Joshi,Female,1994-05-14,2011-02-19,diya.joshi.242@company.com,900000242,Sales
EMP0243,10243,Arjun,Iyer,Female,1989-09-29,2017-12-14,arjun.iyer.243@company.com,900000243,Legal
EMP0244,10244,Aadhya,Iyer,Male,1992-11-02,2018-05-10,aadhya.iyer.244@company.com,900000244,Engineering
EMP0245,10245,Ananya,Iyer,Female,1986-09-28,2017-09-02,ananya.iyer.245@company.com,900000245,HR
EMP0246,10246,Ishani,Verma,Male,1972-07-25,2010-01-14,ishani.verma.246@company.com,900000246,Sales
EMP0247,10247,Aadhya,Sharma,Male,1995-11-08,2014-02-16,aadhya.sharma.247@company.com,900000247,Sales
EMP0248,10248,Vihaan,Joshi,Male,1979-08-06,2019-01-24,vihaan.joshi.248@company.com,900000248,Support
EMP0249,10249,Ishaan,Sharma,Female,1979-06-01,2016-09-07,ishaan.sharma.249@company.com,900000249,Engineering
EMP0250,10250,Vihaan,Sharma,Male,1991-02-05,2016-07-01,vihaan.sharma.250@company.com,900000250,Legal
EMP0251,10251,Ananya,Singh,Male,1997-04-05,2014-04-04,ananya.singh.251@company.com,900000251,Engineering
EMP0252,10252,Ananya,Nair,Female,1986-04-28,2022-08-13,ananya.nair.252@company.com,900000252,Legal
EMP0253,10253,Ananya,Sharma,Male,1976-08-06,2022-03-13,ananya.sharma.253@company.com,900000253,Support
EMP0254,10254,Vihaan,Joshi,Female,1999-11-16,2016-08-21,vihaan.joshi.254@company.com,900000254,Support
EMP0255,10255,Ananya,Gupta,Female,1994-12-27,2018-10-08,ananya.gupta.255@company.com,900000255,Product
EMP0256,10256,Diya,Iyer,Female,1980-09-28,2017-05-14,diya.iyer.256@company.com,900000256,Legal
EMP0257,10257,Aditya,Joshi,Male,1982-08-08,2017-10-14,aditya.joshi.257@company.com,900000257,HR
EMP0258,10258,Aarav,Iyer,Female,1970-04-14,2021-10-17,aarav.iyer.258@company.com,900000258,Product
EMP0259,10259,Arjun,Joshi,Male,1998-03-24,2013-04-06,arjun.joshi.259@company.com,900000259,Engineering
EMP0260,10260,Aditya,Nair,Female,2001-03-16,2018-11-09,aditya.nair.260@company.com,900000260,Support
EMP0261,10261,Sai,Gupta,Female,1983-12-27,2011-09-26,sai.gupta.261@company.com,900000261,HR
EMP0262,10262,Sai,Iyer,Male,1997-01-31,2020-04-04,sai.iyer.262@company.com,900000262,Support
EMP0263,10263,Sai,Patel,Female,1986-07-28,2020-11-01,sai.patel.263@company.com,900000263,Legal
EMP0264,10264,Aadhya,Verma,Male,1971-08-22,2021-12-19,aadhya.verma.264@company.com,900000264,Marketing
EMP0265,10265,Diya,Gupta,Male,1976-08-22,2021-08-24,diya.gupta.265@company.com,900000265,Support
EMP0266,10266,Aadhya,Joshi,Male,2001-04-15,2020-04-22,aadhya.joshi.266@company.com,900000266,Product
EMP0267,10267,Ananya,Iyer,Male,1985-05-29,2021-11-14,ananya.iyer.267@company.com,900000267,Engineering
EMP0268,10268,Ananya,Reddy,Male,1978-04-14,2016-05-20,ananya.reddy.268@company.com,900000268,Legal
EMP0269,10269,Sai,Iyer,Male,1986-09-26,2018-07-09,sai.iyer.269@company.com,900000269,Support
EMP0270,10270,Vihaan,Kumar,Female,1999-11-24,2022-05-02,vihaan.kumar.270@company.com,900000270,Finance
EMP0271,10271,Diya,Kumar,Female,1990-05-18,2017-05-13,diya.kumar.271@company.com,900000271,Sales
EMP0272,10272,Sai,Joshi,Female,1971-09-05,2016-06-27,sai.joshi.272@company.com,900000272,Finance
EMP0273,10273,Aditya,Nair,Female,1997-07-30,2019-02-20,aditya.nair.273@company.com,900000273,HR
EMP0274,10274,Aarav,Joshi,Male,1985-05-21,2021-01-14,aarav.joshi.274@company.com,900000274,Marketing
EMP0275,10275,Sai,Patel,Male,1987-07-02,2014-01-15,sai.patel.275@company.com,900000275,Engineering
EMP0276,10276,Sai,Nair,Male,1986-04-01,2013-08-22,sai.nair.276@company.com,900000276,Support
EMP0277,10277,Diya,Verma,Male,1985-05-07,2017-10-15,diya.verma.277@company.com,900000277,Product
EMP0278,10278,Vihaan,Gupta,Male,1973-06-26,2019-11-26,vihaan.gupta.278@company.com,900000278,HR
EMP0279,10279,Vihaan,Iyer,Female,1999-12-30,2017-03-22,vihaan.iyer.279@company.com,900000279,Engineering
EMP0280,10280,Ishaan,Reddy,Male,1993-01-05,2013-02-23,ishaan.reddy.280@company.com,900000280,HR
EMP0281,10281,Sai,Gupta,Male,2000-01-08,2016-03-14,sai.gupta.281@company.com,900000281,HR
EMP0282,10282,Aditya,Verma,Female,1988-03-24,2022-03-09,aditya.verma.282@company.com,900000282,Product
EMP0283,10283,Aditya,Sharma,Male,2001-09-12,2012-06-06,aditya.sharma.283@company.com,900000283,Sales
EMP0284,10284,Sai,Nair,Female,1977-03-05,2022-11-10,sai.nair.284@company.com,900000284,Product
EMP0285,10285,Ishaan,Joshi,Female,1998-01-23,2011-03-14,ishaan.joshi.285@company.com,900000285,Sales
EMP0286,10286,Aditya,Iyer,Male,1996-07-03,2015-11-29,aditya.iyer.286@company.com,900000286,Product
EMP0287,10287,Ananya,Nair,Male,1974-12-03,2013-08-22,ananya.nair.287@company.com,900000287,Support
EMP0288,10288,Aarav,Verma,Male,1998-02-10,2011-05-23,aarav.verma.288@company.com,900000288,Finance
EMP0289,10289,Aadhya,Sharma,Male,1973-04-29,2015-10-19,aadhya.sharma.289@company.com,900000289,HR
EMP0290,10290,Aarav,Iyer,Female,1982-06-15,2018-05-05,aarav.iyer.290@company.com,900000290,Finance
EMP0291,10291,Ananya,Gupta,Male,1991-05-02,2016-07-12,ananya.gupta.291@company.com,900000291,Legal
EMP0292,10292,Ishani,Joshi,Female,1988-11-04,2014-06-10,ishani.joshi.292@company.com,900000292,Marketing
EMP0293,10293,Ishaan,Reddy,Male,1989-03-26,2018-05-29,ishaan.reddy.293@company.com,900000293,Legal
EMP0294,10294,Aditya,Nair,Female,1988-10-19,2011-10-29,aditya.nair.294@company.com,900000294,Marketing
EMP0295,10295,Ananya,Singh,Female,1997-05-22,2010-07-03,ananya.singh.295@company.com,900000295,Finance
EMP0296,10296,Vihaan,Sharma,Male,1989-06-04,2021-01-03,vihaan.sharma.296@company.com,900000296,HR
EMP0297,10297,Arjun,Verma,Male,1990-04-08,2016-04-15,arjun.verma.297@company.com,900000297,Legal
EMP0298,10298,Ishaan,Kumar,Male,1996-07-20,2015-07-01,ishaan.kumar.298@company.com,900000298,HR
EMP0299,10299,Vihaan,Iyer,Female,1993-09-03,2013-11-05,vihaan.iyer.299@company.com,900000299,Product
EMP0300,10300,Diya,Singh,Female,1975-03-17,2013-04-26,diya.singh.300@company.com,900000300,Marketing
EMP0301,10301,Arjun,Reddy,Male,1995-06-13,2016-07-18,arjun.reddy.301@company.com,900000301,Engineering
EMP0302,10302,Aarav,Kumar,Male,1986-10-04,2020-02-26,aarav.kumar.302@company.com,900000302,Support
EMP0303,10303,Ananya,Reddy,Male,1999-12-14,2010-10-21,ananya.reddy.303@company.com,900000303,Marketing
EMP0304,10304,Arjun,Iyer,Female,1988-12-07,2018-10-06,arjun.iyer.304@company.com,900000304,Engineering
EMP0305,10305,Diya,Nair,Female,1972-04-03,2013-04-16,diya.nair.305@company.com,900000305,Marketing
EMP0306,10306,Sai,Reddy,Male,2002-06-11,2014-03-19,sai.reddy.306@company.com,900000306,Support
EMP0307,10307,Ananya,Patel,Male,1974-08-14,2019-09-13,ananya.patel.307@company.com,900000307,HR
EMP0308,10308,Sai,Kumar,Male,1982-11-14,2020-10-10,sai.kumar.308@company.com,900000308,Product
EMP0309,10309,Sai,Iyer,Male,1997-11-25,2014-02-01,sai.iyer.309@company.com,900000309,Marketing
EMP0310,10310,Aditya,Sharma,Female,1998-06-09,2011-06-26,aditya.sharma.310@company.com,900000310,Support
EMP0311,10311,Aarav,Iyer,Male,1997-10-01,2017-10-24,aarav.iyer.311@company.com,900000311,Sales
EMP0312,10312,Vihaan,Iyer,Male,1988-10-21,2020-08-26,vihaan.iyer.312@company.com,900000312,Product
EMP0313,10313,Aarav,Nair,Female,1996-05-12,2012-12-28,aarav.nair.313@company.com,900000313,Engineering
EMP0314,10314,Ananya,Gupta,Male,1989-06-09,2022-04-04,ananya.gupta.314@company.com,900000314,Support
EMP0315,10315,Arjun,Joshi,Female,1973-09-17,2020-04-13,arjun.joshi.315@company.com,900000315,Legal
EMP0316,10316,Diya,Singh,Male,1994-01-12,2017-01-29,diya.singh.316@company.com,900000316,Finance
EMP0317,10317,Aadhya,Patel,Male,2002-09-03,2023-06-12,aadhya.patel.317@company.com,900000317,HR
EMP0318,10318,Ishaan,Verma,Female,1994-09-01,2017-07-28,ishaan.verma.318@company.com,900000318,Support
EMP0319,10319,Ananya,Reddy,Female,1978-09-07,2022-02-27,ananya.reddy.319@company.com,900000319,Marketing
EMP0320,10320,Ishaan,Verma,Male,1971-09-04,2020-04-14,ishaan.verma.320@company.com,900000320,Support
EMP0321,10321,Ishani,Joshi,Male,2001-08-24,2018-01-07,ishani.joshi.321@company.com,900000321,Support
EMP0322,10322,Vihaan,Gupta,Female,1971-05-16,2019-08-08,vihaan.gupta.322@company.com,900000322,Product
EMP0323,10323,Diya,Kumar,Female,1984-08-02,2012-01-23,diya.kumar.323@company.com,900000323,Legal
EMP0324,10324,Ishaan,Joshi,Male,2000-02-09,2013-04-25,ishaan.joshi.324@company.com,900000324,Support
EMP0325,10325,Arjun,Sharma,Female,1994-07-16,2019-04-17,arjun.sharma.325@company.com,900000325,Legal
EMP0326,10326,Arjun,Iyer,Female,1982-02-01,2021-10-20,arjun.iyer.326@company.com,900000326,HR
EMP0327,10327,Sai,Verma,Female,1990-12-29,2017-04-15,sai.verma.327@company.com,900000327,Legal
EMP0328,10328,Sai,Sharma,Male,1986-09-26,2020-08-03,sai.sharma.328@company.com,900000328,Support
EMP0329,10329,Ishani,Nair,Female,1985-10-02,2012-04-30,ishani.nair.329@company.com,900000329,Engineering
EMP0330,10330,Ananya,Joshi,Male,1996-01-12,2018-06-30,ananya.joshi.330@company.com,900000330,Legal
EMP0331,10331,Aarav,Gupta,Male,1993-07-18,2020-07-24,aarav.gupta.331@company.com,900000331,Marketing
EMP0332,10332,Ishani,Joshi,Male,1976-03-16,2022-02-25,ishani.joshi.332@company.com,900000332,HR
EMP0333,10333,Aarav,Iyer,Female,2001-04-14,2015-06-18,aarav.iyer.333@company.com,900000333,Legal
EMP0334,10334,Ishaan,Patel,Male,1971-05-02,2014-09-10,ishaan.patel.334@company.com,900000334,Finance
EMP0335,10335,Aadhya,Patel,Male,1992-03-16,2022-02-25,aadhya.patel.335@company.com,900000335,HR
EMP0336,10336,Arjun,Kumar,Female,1988-11-24,2018-10-26,arjun.kumar.336@company.com,900000336,HR
EMP0337,10337,Aditya,Verma,Female,2001-10-23,2017-12-02,aditya.verma.337@company.com,900000337,Legal
EMP0338,10338,Ishani,Joshi,Female,1988-06-16,2023-02-04,ishani.joshi.338@company.com,900000338,Engineering
EMP0339,10339,Aarav,Verma,Male,1980-10-14,2010-06-10,aarav.verma.339@company.com,900000339,Finance
EMP0340,10340,Sai,Joshi,Female,1979-08-21,2022-12-11,sai.joshi.340@company.com,900000340,Product
EMP0341,10341,Diya,Kumar,Female,1994-08-05,2013-10-23,diya.kumar.341@company.com,900000341,Finance
EMP0342,10342,Ishaan,Kumar,Female,1976-01-05,2010-11-19,ishaan.kumar.342@company.com,900000342,Engineering
EMP0343,10343,Arjun,Patel,Male,1990-12-11,2016-02-21,arjun.patel.343@company.com,900000343,Product
EMP0344,10344,Aarav,Reddy,Male,1984-10-21,2012-02-15,aarav.reddy.344@company.com,900000344,Finance
EMP0345,10345,Diya,Patel,Female,1980-02-18,2011-11-18,diya.patel.345@company.com,900000345,Legal
EMP0346,10346,Ishaan,Patel,Female,1993-01-16,2011-01-25,ishaan.patel.346@company.com,900000346,Engineering
EMP0347,10347,Sai,Joshi,Male,1977-05-13,2017-12-08,sai.joshi.347@company.com,900000347,Marketing
EMP0348,10348,Aarav,Nair,Female,1999-08-16,2010-12-29,aarav.nair.348@company.com,900000348,HR
EMP0349,10349,Vihaan,Iyer,Male,1983-07-31,2010-06-01,vihaan.iyer.349@company.com,900000349,Legal
EMP0350,10350,Sai,Kumar,Male,1997-02-02,2022-04-06,sai.kumar.350@company.com,900000350,Engineering
EMP0351,10351,Aditya,Gupta,Female,1981-11-30,2015-02-08,aditya.gupta.351@company.com,900000351,Support
EMP0352,10352,Aditya,Sharma,Male,1981-10-08,2015-07-24,aditya.sharma.352@company.com,900000352,Legal
EMP0353,10353,Aditya,Gupta,Male,1986-02-21,2013-11-24,aditya.gupta.353@company.com,900000353,HR
EMP0354,10354,Diya,Singh,Female,1987-11-15,2022-10-30,diya.singh.354@company.com,900000354,Support
EMP0355,10355,Ananya,Nair,Female,1986-06-13,2021-02-25,ananya.nair.355@company.com,900000355,HR
EMP0356,10356,Aarav,Nair,Female,1982-06-24,2017-09-06,aarav.nair.356@company.com,900000356,Marketing
EMP0357,10357,Aadhya,Reddy,Male,1983-09-03,2020-01-15,aadhya.reddy.357@company.com,900000357,Marketing
EMP0358,10358,Ishani,Iyer,Female,1986-12-22,2010-12-28,ishani.iyer.358@company.com,900000358,Engineering
EMP0359,10359,Vihaan,Kumar,Female,1971-10-02,2022-03-01,vihaan.kumar.359@company.com,900000359,Finance
EMP0360,10360,Diya,Sharma,Female,1995-08-19,2010-10-20,diya.sharma.360@company.com,900000360,Marketing
EMP0361,10361,Aadhya,Singh,Male,1995-11-07,2021-12-27,aadhya.singh.361@company.com,900000361,Product
EMP0362,10362,Aditya,Singh,Female,1971-06-22,2017-02-26,aditya.singh.362@company.com,900000362,Finance
EMP0363,10363,Ishaan,Reddy,Female,1980-03-07,2011-11-11,ishaan.reddy.363@company.com,900000363,Engineering
EMP0364,10364,Ishani,Reddy,Female,1989-03-05,2011-11-21,ishani.reddy.364@company.com,900000364,Legal
EMP0365,10365,Vihaan,Verma,Female,1980-01-14,2015-11-04,vihaan.verma.365@company.com,900000365,Legal
EMP0366,10366,Aarav,Kumar,Male,1982-06-22,2010-01-18,aarav.kumar.366@company.com,900000366,Engineering
EMP0367,10367,Arjun,Iyer,Male,1995-05-28,2022-11-21,arjun.iyer.367@company.com,900000367,Engineering
EMP0368,10368,Ananya,Singh,Male,1989-11-01,2019-01-10,ananya.singh.368@company.com,900000368,Sales
EMP0369,10369,Ishaan,Sharma,Male,1999-07-14,2014-09-07,ishaan.sharma.369@company.com,900000369,Legal
EMP0370,10370,Ananya,Joshi,Male,1987-08-09,2018-02-16,ananya.joshi.370@company.com,900000370,Product
EMP0371,10371,Aarav,Verma,Male,1973-04-05,2011-10-02,aarav.verma.371@company.com,900000371,HR
EMP0372,10372,Ishaan,Gupta,Male,1972-06-08,2017-12-27,ishaan.gupta.372@company.com,900000372,Legal
EMP0373,10373,Sai,Patel,Male,2002-08-30,2013-01-22,sai.patel.373@company.com,900000373,Engineering
EMP0374,10374,Sai,Reddy,Female,1978-06-18,2018-06-01,sai.reddy.374@company.com,900000374,Engineering
EMP0375,10375,Ishaan,Reddy,Male,1977-01-28,2021-05-21,ishaan.reddy.375@company.com,900000375,HR
EMP0376,10376,Ishaan,Gupta,Female,1981-03-30,2014-09-04,ishaan.gupta.376@company.com,900000376,Legal
EMP0377,10377,Aadhya,Reddy,Female,1970-02-24,2015-09-11,aadhya.reddy.377@company.com,900000377,Support
EMP0378,10378,Ananya,Iyer,Female,1990-12-10,2020-08-13,ananya.iyer.378@company.com,900000378,Support
EMP0379,10379,Ishani,Joshi,Male,1998-05-22,2017-12-11,ishani.joshi.379@company.com,900000379,Sales
EMP0380,10380,Aditya,Nair,Female,1992-07-11,2021-01-03,aditya.nair.380@company.com,900000380,HR
EMP0381,10381,Ishani,Gupta,Male,1975-10-27,2020-10-20,ishani.gupta.381@company.com,900000381,Finance
EMP0382,10382,Ishaan,Patel,Male,1998-06-24,2019-03-16,ishaan.patel.382@company.com,900000382,Marketing
EMP0383,10383,Aadhya,Patel,Male,1994-12-26,2013-09-20,aadhya.patel.383@company.com,900000383,Product
EMP0384,10384,Aarav,Gupta,Male,1985-02-28,2017-10-31,aarav.gupta.384@company.com,900000384,Finance
EMP0385,10385,Ishani,Verma,Male,1983-10-24,2011-03-09,ishani.verma.385@company.com,900000385,Sales
EMP0386,10386,Arjun,Joshi,Male,1995-04-20,2010-12-12,arjun.joshi.386@company.com,900000386,Sales
EMP0387,10387,Ishaan,Nair,Male,1983-01-28,2018-10-04,ishaan.nair.387@company.com,900000387,Sales
EMP0388,10388,Arjun,Reddy,Female,1986-05-05,2012-01-20,arjun.reddy.388@company.com,900000388,Engineering
EMP0389,10389,Aditya,Nair,Female,1985-01-05,2016-05-01,aditya.nair.389@company.com,900000389,Legal
EMP0390,10390,Arjun,Nair,Male,1984-04-15,2012-11-02,arjun.nair.390@company.com,900000390,Finance
EMP0391,10391,Ananya,Patel,Female,1975-12-13,2020-12-26,ananya.patel.391@company.com,900000391,Product
EMP0392,10392,Diya,Joshi,Female,1983-05-22,2011-12-26,diya.joshi.392@company.com,900000392,Product
EMP0393,10393,Vihaan,Joshi,Male,1997-10-06,2016-11-30,vihaan.joshi.393@company.com,900000393,Marketing
EMP0394,10394,Aditya,Reddy,Male,1978-11-01,2021-09-25,aditya.reddy.394@company.com,900000394,Support
EMP0395,10395,Ishani,Singh,Male,1975-06-15,2013-05-25,ishani.singh.395@company.com,900000395,Marketing
EMP0396,10396,Arjun,Gupta,Male,1972-03-06,2017-03-19,arjun.gupta.396@company.com,900000396,Marketing
EMP0397,10397,Ishaan,Joshi,Male,1986-06-10,2022-06-17,ishaan.joshi.397@company.com,900000397,Support
EMP0398,10398,Arjun,Nair,Male,1982-03-30,2016-06-18,arjun.nair.398@company.com,900000398,Finance
EMP0399,10399,Vihaan,Kumar,Female,1988-10-08,2012-12-25,vihaan.kumar.399@company.com,900000399,HR
EMP0400,10400,Diya,Reddy,Male,1978-01-27,2016-06-23,diya.reddy.400@company.com,900000400,Product
EMP0401,10401,Aadhya,Sharma,Male,1973-05-13,2014-05-23,aadhya.sharma.401@company.com,900000401,Product
EMP0402,10402,Arjun,Iyer,Male,1987-05-05,2019-09-21,arjun.iyer.402@company.com,900000402,Sales
EMP0403,10403,Vihaan,Patel,Female,1986-09-22,2019-03-10,vihaan.patel.403@company.com,900000403,Finance
EMP0404,10404,Diya,Joshi,Male,1990-06-20,2021-01-17,diya.joshi.404@company.com,900000404,Finance
EMP0405,10405,Aarav,Gupta,Male,1981-07-01,2019-04-21,aarav.gupta.405@company.com,900000405,Engineering
EMP0406,10406,Sai,Kumar,Female,1995-10-31,2015-11-17,sai.kumar.406@company.com,900000406,HR
EMP0407,10407,Diya,Gupta,Male,1977-03-27,2018-07-15,diya.gupta.407@company.com,900000407,Support
EMP0408,10408,Arjun,Patel,Male,1980-03-31,2011-07-26,arjun.patel.408@company.com,900000408,Finance
EMP0409,10409,Aditya,Gupta,Male,1998-06-15,2018-03-02,aditya.gupta.409@company.com,900000409,Engineering
EMP0410,10410,Ananya,Sharma,Female,1987-02-06,2022-10-15,ananya.sharma.410@company.com,900000410,HR
EMP0411,10411,Sai,Nair,Male,1975-11-02,2014-08-20,sai.nair.411@company.com,900000411,Engineering
EMP0412,10412,Diya,Gupta,Female,1976-10-31,2013-03-15,diya.gupta.412@company.com,900000412,Legal
EMP0413,10413,Ishani,Gupta,Female,1989-05-18,2011-12-19,ishani.gupta.413@company.com,900000413,Marketing
EMP0414,10414,Diya,Kumar,Female,1992-04-29,2015-11-28,diya.kumar.414@company.com,900000414,Engineering
EMP0415,10415,Aadhya,Sharma,Female,1974-07-05,2021-05-12,aadhya.sharma.415@company.com,900000415,Product
EMP0416,10416,Vihaan,Patel,Female,2000-11-18,2012-11-13,vihaan.patel.416@company.com,900000416,Support
EMP0417,10417,Aadhya,Iyer,Female,1994-12-14,2018-09-11,aadhya.iyer.417@company.com,900000417,Marketing
EMP0418,10418,Vihaan,Gupta,Male,1988-05-15,2011-07-13,vihaan.gupta.418@company.com,900000418,Engineering
EMP0419,10419,Aarav,Verma,Male,1973-09-20,2012-11-02,aarav.verma.419@company.com,900000419,Legal
EMP0420,10420,Ishaan,Sharma,Female,1989-01-19,2018-10-05,ishaan.sharma.420@company.com,900000420,Finance
EMP0421,10421,Ishaan,Singh,Male,2002-04-11,2011-07-04,ishaan.singh.421@company.com,900000421,Finance
EMP0422,10422,Arjun,Nair,Male,1979-11-22,2014-05-22,arjun.nair.422@company.com,900000422,Marketing
EMP0423,10423,Aditya,Singh,Female,1997-04-22,2013-06-09,aditya.singh.423@company.com,900000423,Engineering
EMP0424,10424,Aadhya,Reddy,Male,1998-01-16,2020-01-20,aadhya.reddy.424@company.com,900000424,Sales
EMP0425,10425,Aarav,Verma,Male,1982-08-28,2015-05-04,aarav.verma.425@company.com,900000425,Sales
EMP0426,10426,Vihaan,Verma,Female,1984-06-21,2011-02-18,vihaan.verma.426@company.com,900000426,Marketing
EMP0427,10427,Ishaan,Kumar,Female,1987-06-30,2011-01-01,ishaan.kumar.427@company.com,900000427,Sales
EMP0428,10428,Diya,Patel,Female,1999-05-07,2019-09-07,diya.patel.428@company.com,900000428,HR
EMP0429,10429,Ananya,Verma,Male,1977-09-29,2011-12-28,ananya.verma.429@company.com,900000429,Product
EMP0430,10430,Vihaan,Nair,Female,1974-04-14,2012-06-21,vihaan.nair.430@company.com,900000430,Marketing
EMP0431,10431,Vihaan,Gupta,Female,1998-07-15,2018-09-02,vihaan.gupta.431@company.com,900000431,Product
EMP0432,10432,Sai,Singh,Male,1987-06-20,2020-05-12,sai.singh.432@company.com,900000432,Legal
EMP0433,10433,Diya,Verma,Male,1995-09-30,2020-12-28,diya.verma.433@company.com,900000433,Legal
EMP0434,10434,Aadhya,Singh,Female,1978-09-07,2015-12-30,aadhya.singh.434@company.com,900000434,Engineering
EMP0435,10435,Sai,Singh,Male,1973-12-21,2016-03-04,sai.singh.435@company.com,900000435,Support
EMP0436,10436,Aditya,Verma,Female,1977-08-20,2016-04-04,aditya.verma.436@company.com,900000436,Sales
EMP0437,10437,Vihaan,Patel,Female,1970-06-19,2018-07-18,vihaan.patel.437@company.com,900000437,Legal
EMP0438,10438,Sai,Joshi,Female,1989-10-06,2016-10-15,sai.joshi.438@company.com,900000438,Sales
EMP0439,10439,Sai,Joshi,Female,1994-07-31,2022-11-07,sai.joshi.439@company.com,900000439,Product
EMP0440,10440,Sai,Reddy,Male,1991-05-07,2022-06-21,sai.reddy.440@company.com,900000440,Legal
EMP0441,10441,Arjun,Patel,Female,1987-02-26,2010-05-27,arjun.patel.441@company.com,900000441,Finance
EMP0442,10442,Diya,Singh,Female,1973-06-01,2012-06-30,diya.singh.442@company.com,900000442,HR
EMP0443,10443,Ishaan,Reddy,Male,1987-06-22,2020-05-13,ishaan.reddy.443@company.com,900000443,HR
EMP0444,10444,Vihaan,Verma,Female,1976-08-04,2018-11-07,vihaan.verma.444@company.com,900000444,Sales
EMP0445,10445,Ananya,Nair,Male,1984-02-10,2017-10-21,ananya.nair.445@company.com,900000445,Finance
EMP0446,10446,Arjun,Kumar,Female,1982-03-04,2012-09-15,arjun.kumar.446@company.com,900000446,HR
EMP0447,10447,Ishaan,Patel,Male,2000-11-28,2020-03-02,ishaan.patel.447@company.com,900000447,Finance
EMP0448,10448,Aadhya,Sharma,Female,1970-01-01,2016-06-16,aadhya.sharma.448@company.com,900000448,Product
EMP0449,10449,Ananya,Singh,Female,1975-12-30,2022-03-18,ananya.singh.449@company.com,900000449,Sales
EMP0450,10450,Ishani,Gupta,Female,1997-07-02,2016-06-17,ishani.gupta.450@company.com,900000450,Finance
EMP0451,10451,Ananya,Singh,Male,1971-04-23,2015-09-26,ananya.singh.451@company.com,900000451,Marketing
EMP0452,10452,Ishaan,Singh,Male,1988-12-14,2013-05-08,ishaan.singh.452@company.com,900000452,Legal
EMP0453,10453,Ishani,Joshi,Male,1984-02-13,2015-02-19,ishani.joshi.453@company.com,900000453,Sales
EMP0454,10454,Diya,Gupta,Male,1990-09-07,2010-12-18,diya.gupta.454@company.com,900000454,HR
EMP0455,10455,Vihaan,Singh,Male,1979-11-29,2010-07-22,vihaan.singh.455@company.com,900000455,Support
EMP0456,10456,Sai,Verma,Female,1972-11-29,2015-07-21,sai.verma.456@company.com,900000456,Legal
EMP0457,10457,Ishani,Singh,Female,1994-07-26,2014-09-15,ishani.singh.457@company.com,900000457,Support
EMP0458,10458,Aadhya,Sharma,Female,1984-12-19,2020-08-25,aadhya.sharma.458@company.com,900000458,HR
EMP0459,10459,Vihaan,Joshi,Female,1970-05-14,2013-08-18,vihaan.joshi.459@company.com,900000459,Marketing
EMP0460,10460,Ananya,Nair,Male,1990-07-23,2012-08-28,ananya.nair.460@company.com,900000460,HR
EMP0461,10461,Ishaan,Kumar,Female,2002-08-04,2012-07-01,ishaan.kumar.461@company.com,900000461,HR
EMP0462,10462,Ananya,Iyer,Female,1999-08-25,2023-06-08,ananya.iyer.462@company.com,900000462,Engineering
EMP0463,10463,Diya,Gupta,Female,1994-03-20,2014-09-21,diya.gupta.463@company.com,900000463,Product
EMP0464,10464,Arjun,Joshi,Female,1975-01-24,2019-01-29,arjun.joshi.464@company.com,900000464,Support
EMP0465,10465,Ananya,Kumar,Female,1998-04-17,2021-06-27,ananya.kumar.465@company.com,900000465,Finance
EMP0466,10466,Sai,Nair,Female,1979-10-29,2017-09-03,sai.nair.466@company.com,900000466,Marketing
EMP0467,10467,Aditya,Nair,Female,1975-05-20,2010-04-09,aditya.nair.467@company.com,900000467,Marketing
EMP0468,10468,Ishani,Gupta,Male,1974-10-11,2014-06-02,ishani.gupta.468@company.com,900000468,Product
EMP0469,10469,Ishaan,Joshi,Female,1975-07-31,2010-10-10,ishaan.joshi.469@company.com,900000469,Legal
EMP0470,10470,Diya,Joshi,Female,1988-06-27,2013-12-18,diya.joshi.470@company.com,900000470,Finance
EMP0471,10471,Arjun,Patel,Male,1974-11-30,2011-05-04,arjun.patel.471@company.com,900000471,HR
EMP0472,10472,Vihaan,Sharma,Male,1986-10-17,2013-10-07,vihaan.sharma.472@company.com,900000472,Engineering
EMP0473,10473,Ananya,Verma,Female,1987-06-28,2018-03-14,ananya.verma.473@company.com,900000473,Sales
EMP0474,10474,Sai,Reddy,Male,1971-12-28,2022-04-06,sai.reddy.474@company.com,900000474,Support
EMP0475,10475,Ishaan,Joshi,Male,1998-02-16,2011-11-30,ishaan.joshi.475@company.com,900000475,Sales
EMP0476,10476,Sai,Kumar,Male,1970-07-22,2023-06-02,sai.kumar.476@company.com,900000476,Engineering
EMP0477,10477,Ananya,Singh,Female,1976-03-04,2014-11-30,ananya.singh.477@company.com,900000477,HR
EMP0478,10478,Vihaan,Verma,Male,1996-01-24,2010-04-04,vihaan.verma.478@company.com,900000478,Sales
EMP0479,10479,Arjun,Kumar,Male,1982-05-05,2010-10-30,arjun.kumar.479@company.com,900000479,HR
EMP0480,10480,Ishani,Gupta,Male,1980-06-04,2013-02-03,ishani.gupta.480@company.com,900000480,Marketing
EMP0481,10481,Ishani,Reddy,Female,1981-07-14,2021-12-23,ishani.reddy.481@company.com,900000481,Finance
EMP0482,10482,Aarav,Kumar,Female,1993-07-01,2013-04-11,aarav.kumar.482@company.com,900000482,Marketing
EMP0483,10483,Aditya,Patel,Male,2002-05-21,2018-05-31,aditya.patel.483@company.com,900000483,Marketing
EMP0484,10484,Diya,Gupta,Female,1993-09-22,2017-09-13,diya.gupta.484@company.com,900000484,Sales
EMP0485,10485,Aarav,Sharma,Female,1991-09-28,2011-02-14,aarav.sharma.485@company.com,900000485,Product
EMP0486,10486,Vihaan,Joshi,Female,1994-08-22,2020-09-23,vihaan.joshi.486@company.com,900000486,Finance
EMP0487,10487,Sai,Verma,Female,1971-04-11,2019-05-21,sai.verma.487@company.com,900000487,Support
EMP0488,10488,Aarav,Gupta,Male,1984-11-07,2014-07-14,aarav.gupta.488@company.com,900000488,Sales
EMP0489,10489,Sai,Joshi,Female,1986-07-26,2023-09-05,sai.joshi.489@company.com,900000489,HR
EMP0490,10490,Arjun,Patel,Female,2000-09-25,2014-07-21,arjun.patel.490@company.com,900000490,Marketing
EMP0491,10491,Sai,Iyer,Female,2002-10-21,2012-01-14,sai.iyer.491@company.com,900000491,Sales
EMP0492,10492,Aditya,Verma,Female,1978-07-13,2023-08-30,aditya.verma.492@company.com,900000492,HR
EMP0493,10493,Aarav,Patel,Female,1976-05-21,2013-08-29,aarav.patel.493@company.com,900000493,HR
EMP0494,10494,Aditya,Kumar,Male,1974-02-21,2020-08-23,aditya.kumar.494@company.com,900000494,Marketing
EMP0495,10495,Ishaan,Iyer,Female,1995-01-13,2023-04-25,ishaan.iyer.495@company.com,900000495,Finance
EMP0496,10496,Aadhya,Verma,Female,1992-04-09,2016-12-18,aadhya.verma.496@company.com,900000496,Engineering
EMP0497,10497,Ishani,Reddy,Male,1983-08-14,2013-07-03,ishani.reddy.497@company.com,900000497,Finance
EMP0498,10498,Aadhya,Singh,Male,1984-01-03,2022-10-29,aadhya.singh.498@company.com,900000498,Legal
EMP0499,10499,Aadhya,Joshi,Female,1971-09-08,2010-03-15,aadhya.joshi.499@company.com,900000499,Legal
EMP0500,10500,Aadhya,Sharma,Male,1971-11-25,2021-04-24,aadhya.sharma.500@company.com,900000500,Marketing
EMP0501,10501,Aadhya,Gupta,Male,1984-09-19,2013-11-02,aadhya.gupta.501@company.com,900000501,Finance
EMP0502,10502,Sai,Verma,Male,1973-04-24,2021-09-13,sai.verma.502@company.com,900000502,Support
EMP0503,10503,Ishaan,Iyer,Female,1996-02-01,2019-04-08,ishaan.iyer.503@company.com,900000503,HR
EMP0504,10504,Aarav,Nair,Male,1981-03-19,2015-07-26,aarav.nair.504@company.com,900000504,Support
EMP0505,10505,Diya,Reddy,Male,1984-11-02,2017-09-09,diya.reddy.505@company.com,900000505,Product
EMP0506,10506,Aadhya,Gupta,Male,1984-09-07,2013-03-27,aadhya.gupta.506@company.com,900000506,Engineering
EMP0507,10507,Ishaan,Iyer,Male,1980-08-26,2012-03-16,ishaan.iyer.507@company.com,900000507,Support
EMP0508,10508,Ishaan,Patel,Female,1982-10-14,2010-10-06,ishaan.patel.508@company.com,900000508,Legal
EMP0509,10509,Ishani,Verma,Male,1975-07-22,2011-01-11,ishani.verma.509@company.com,900000509,Support
EMP0510,10510,Vihaan,Gupta,Male,1999-03-25,2014-10-27,vihaan.gupta.510@company.com,900000510,HR
EMP0511,10511,Ishaan,Singh,Female,1998-02-07,2021-03-30,ishaan.singh.511@company.com,900000511,HR
EMP0512,10512,Arjun,Reddy,Male,1971-02-27,2017-04-27,arjun.reddy.512@company.com,900000512,Marketing
EMP0513,10513,Ishaan,Patel,Female,1970-07-31,2016-07-03,ishaan.patel.513@company.com,900000513,Support
EMP0514,10514,Aditya,Gupta,Female,1979-09-10,2015-11-17,aditya.gupta.514@company.com,900000514,HR
EMP0515,10515,Diya,Gupta,Female,1991-08-05,2018-08-05,diya.gupta.515@company.com,900000515,Product
EMP0516,10516,Aarav,Joshi,Female,1992-10-19,2013-12-10,aarav.joshi.516@company.com,900000516,Finance
EMP0517,10517,Aarav,Patel,Female,1987-04-05,2022-02-06,aarav.patel.517@company.com,900000517,HR
EMP0518,10518,Aditya,Gupta,Female,1987-03-05,2015-07-19,aditya.gupta.518@company.com,900000518,Legal
EMP0519,10519,Sai,Nair,Female,1983-09-01,2017-11-11,sai.nair.519@company.com,900000519,Support
EMP0520,10520,Ishani,Kumar,Male,1980-12-07,2023-04-14,ishani.kumar.520@company.com,900000520,Finance
EMP0521,10521,Ishani,Iyer,Female,1993-05-04,2014-03-09,ishani.iyer.521@company.com,900000521,Support
EMP0522,10522,Ishaan,Singh,Female,1977-07-26,2020-09-22,ishaan.singh.522@company.com,900000522,Engineering
EMP0523,10523,Aadhya,Kumar,Male,2001-02-10,2022-04-14,aadhya.kumar.523@company.com,900000523,Product
EMP0524,10524,Aadhya,Singh,Male,1981-06-12,2015-03-17,aadhya.singh.524@company.com,900000524,Sales
EMP0525,10525,Diya,Kumar,Female,1974-05-18,2022-04-20,diya.kumar.525@company.com,900000525,Legal
EMP0526,10526,Sai,Sharma,Male,1988-08-05,2010-06-25,sai.sharma.526@company.com,900000526,Sales
EMP0527,10527,Ishani,Sharma,Male,1992-10-04,2015-08-06,ishani.sharma.527@company.com,900000527,Finance
EMP0528,10528,Ishaan,Sharma,Male,1975-03-05,2022-09-01,ishaan.sharma.528@company.com,900000528,HR
EMP0529,10529,Ishani,Singh,Male,1993-06-01,2015-04-03,ishani.singh.529@company.com,900000529,Sales
EMP0530,10530,Diya,Singh,Female,1999-12-16,2013-05-12,diya.singh.530@company.com,900000530,Support
EMP0531,10531,Ishani,Patel,Female,1995-01-31,2015-07-06,ishani.patel.531@company.com,900000531,Finance
EMP0532,10532,Aadhya,Verma,Female,1994-03-19,2014-11-29,aadhya.verma.532@company.com,900000532,Marketing
EMP0533,10533,Ishani,Sharma,Male,1987-05-14,2022-10-16,ishani.sharma.533@company.com,900000533,Sales
EMP0534,10534,Aarav,Reddy,Female,1970-06-05,2016-10-28,aarav.reddy.534@company.com,900000534,Finance
EMP0535,10535,Diya,Patel,Female,1995-06-01,2012-07-22,diya.patel.535@company.com,900000535,Sales
EMP0536,10536,Aditya,Kumar,Female,1985-02-21,2021-07-12,aditya.kumar.536@company.com,900000536,Finance
EMP0537,10537,Aarav,Reddy,Male,1976-09-17,2014-01-17,aarav.reddy.537@company.com,900000537,Support
EMP0538,10538,Ishaan,Reddy,Female,1991-07-27,2015-05-19,ishaan.reddy.538@company.com,900000538,Finance
EMP0539,10539,Sai,Singh,Female,1982-06-08,2020-10-05,sai.singh.539@company.com,900000539,Marketing
EMP0540,10540,Ananya,Sharma,Male,2002-02-28,2021-09-26,ananya.sharma.540@company.com,900000540,Legal
EMP0541,10541,Ishani,Gupta,Female,1993-07-08,2012-09-24,ishani.gupta.541@company.com,900000541,Product
EMP0542,10542,Vihaan,Iyer,Female,1997-09-18,2023-02-11,vihaan.iyer.542@company.com,900000542,Sales
EMP0543,10543,Aarav,Gupta,Female,1989-02-22,2015-08-28,aarav.gupta.543@company.com,900000543,Finance
EMP0544,10544,Aarav,Singh,Female,2001-06-01,2013-01-29,aarav.singh.544@company.com,900000544,Sales
EMP0545,10545,Diya,Iyer,Female,1992-03-20,2011-01-25,diya.iyer.545@company.com,900000545,Finance
EMP0546,10546,Ishani,Patel,Female,1994-02-04,2011-11-21,ishani.patel.546@company.com,900000546,Support
EMP0547,10547,Aarav,Singh,Male,1993-03-18,2016-12-09,aarav.singh.547@company.com,900000547,Finance
EMP0548,10548,Ananya,Gupta,Male,1991-12-17,2013-10-15,ananya.gupta.548@company.com,900000548,Engineering
EMP0549,10549,Ishaan,Nair,Female,1993-06-25,2014-03-17,ishaan.nair.549@company.com,900000549,Sales
EMP0550,10550,Ishaan,Joshi,Female,1971-02-23,2022-10-20,ishaan.joshi.550@company.com,900000550,Marketing
EMP0551,10551,Vihaan,Sharma,Female,2001-05-24,2019-04-13,vihaan.sharma.551@company.com,900000551,Legal
EMP0552,10552,Ishaan,Patel,Male,2002-09-15,2012-09-27,ishaan.patel.552@company.com,900000552,Product
EMP0553,10553,Sai,Patel,Male,1981-01-13,2012-10-18,sai.patel.553@company.com,900000553,Marketing
EMP0554,10554,Diya,Sharma,Male,1993-06-04,2017-05-01,diya.sharma.554@company.com,900000554,Legal
EMP0555,10555,Aditya,Patel,Female,1970-08-26,2019-07-16,aditya.patel.555@company.com,900000555,Engineering
EMP0556,10556,Vihaan,Verma,Female,1992-10-14,2012-01-23,vihaan.verma.556@company.com,900000556,Support
EMP0557,10557,Aadhya,Kumar,Female,2000-04-23,2018-10-14,aadhya.kumar.557@company.com,900000557,Marketing
EMP0558,10558,Ishani,Verma,Female,1975-04-13,2013-10-28,ishani.verma.558@company.com,900000558,Engineering
EMP0559,10559,Ishaan,Nair,Male,1980-01-24,2010-01-13,ishaan.nair.559@company.com,900000559,Product
EMP0560,10560,Vihaan,Verma,Male,1985-11-30,2010-02-02,vihaan.verma.560@company.com,900000560,Product
EMP0561,10561,Arjun,Nair,Female,2001-11-16,2020-08-05,arjun.nair.561@company.com,900000561,Support
EMP0562,10562,Ananya,Sharma,Female,1999-12-08,2018-05-22,ananya.sharma.562@company.com,900000562,Support
EMP0563,10563,Aditya,Kumar,Female,1994-12-07,2019-04-08,aditya.kumar.563@company.com,900000563,Legal
EMP0564,10564,Aarav,Singh,Female,1973-03-06,2022-12-10,aarav.singh.564@company.com,900000564,Engineering
EMP0565,10565,Aarav,Patel,Male,1990-02-13,2010-10-22,aarav.patel.565@company.com,900000565,Engineering
EMP0566,10566,Ishani,Gupta,Male,1998-11-25,2017-07-31,ishani.gupta.566@company.com,900000566,Legal
EMP0567,10567,Aarav,Singh,Male,1972-01-05,2018-10-16,aarav.singh.567@company.com,900000567,Sales
EMP0568,10568,Ananya,Singh,Male,1986-10-16,2022-02-08,ananya.singh.568@company.com,900000568,Legal
EMP0569,10569,Aditya,Gupta,Female,1993-06-19,2022-06-16,aditya.gupta.569@company.com,900000569,Support
EMP0570,10570,Aditya,Reddy,Male,1970-02-13,2013-01-19,aditya.reddy.570@company.com,900000570,HR
EMP0571,10571,Vihaan,Kumar,Female,1998-01-05,2010-12-21,vihaan.kumar.571@company.com,900000571,Legal
EMP0572,10572,Ishaan,Singh,Female,1997-12-05,2015-08-19,ishaan.singh.572@company.com,900000572,Product
EMP0573,10573,Aditya,Iyer,Female,1993-03-16,2018-12-29,aditya.iyer.573@company.com,900000573,Marketing
EMP0574,10574,Sai,Iyer,Female,1997-10-16,2018-05-12,sai.iyer.574@company.com,900000574,Engineering
EMP0575,10575,Ishaan,Singh,Female,1983-10-07,2022-03-07,ishaan.singh.575@company.com,900000575,Marketing
EMP0576,10576,Vihaan,Gupta,Male,1982-03-06,2018-03-28,vihaan.gupta.576@company.com,900000576,HR
EMP0577,10577,Vihaan,Kumar,Female,1997-01-06,2015-09-19,vihaan.kumar.577@company.com,900000577,Product
EMP0578,10578,Ishaan,Patel,Female,1998-02-19,2013-11-13,ishaan.patel.578@company.com,900000578,Legal
EMP0579,10579,Aadhya,Patel,Male,1994-08-16,2022-11-04,aadhya.patel.579@company.com,900000579,HR
EMP0580,10580,Aarav,Singh,Male,2000-12-28,2010-10-30,aarav.singh.580@company.com,900000580,Support
EMP0581,10581,Aadhya,Joshi,Female,1997-12-04,2018-04-19,aadhya.joshi.581@company.com,900000581,Marketing
EMP0582,10582,Aarav,Nair,Female,2002-01-24,2014-06-11,aarav.nair.582@company.com,900000582,Sales
EMP0583,10583,Ananya,Sharma,Female,1995-10-19,2012-06-30,ananya.sharma.583@company.com,900000583,HR
EMP0584,10584,Aditya,Kumar,Male,1979-02-02,2022-08-15,aditya.kumar.584@company.com,900000584,Product
EMP0585,10585,Ishani,Nair,Male,1988-11-30,2013-11-16,ishani.nair.585@company.com,900000585,Legal
EMP0586,10586,Aarav,Kumar,Male,1996-03-18,2022-02-22,aarav.kumar.586@company.com,900000586,Engineering
EMP0587,10587,Aadhya,Nair,Female,1973-05-09,2012-10-15,aadhya.nair.587@company.com,900000587,Sales
EMP0588,10588,Ishaan,Nair,Male,2001-08-26,2015-08-18,ishaan.nair.588@company.com,900000588,HR
EMP0589,10589,Ishani,Gupta,Male,1974-08-14,2018-09-28,ishani.gupta.589@company.com,900000589,Sales
EMP0590,10590,Diya,Nair,Male,1989-10-29,2013-04-05,diya.nair.590@company.com,900000590,HR
EMP0591,10591,Ishaan,Iyer,Female,1982-11-21,2019-02-07,ishaan.iyer.591@company.com,900000591,HR
EMP0592,10592,Aarav,Reddy,Female,1971-11-02,2020-07-21,aarav.reddy.592@company.com,900000592,Legal
EMP0593,10593,Aadhya,Iyer,Female,1985-06-11,2018-06-07,aadhya.iyer.593@company.com,900000593,Sales
EMP0594,10594,Ishaan,Kumar,Female,2001-03-16,2014-11-05,ishaan.kumar.594@company.com,900000594,Engineering
EMP0595,10595,Sai,Iyer,Female,1980-08-21,2022-10-18,sai.iyer.595@company.com,900000595,Product
EMP0596,10596,Aditya,Reddy,Female,1972-11-22,2017-01-28,aditya.reddy.596@company.com,900000596,Sales
EMP0597,10597,Sai,Nair,Male,1971-01-22,2021-10-05,sai.nair.597@company.com,900000597,HR
EMP0598,10598,Aadhya,Kumar,Male,1989-08-11,2017-02-18,aadhya.kumar.598@company.com,900000598,HR
EMP0599,10599,Vihaan,Reddy,Male,1984-09-16,2016-04-22,vihaan.reddy.599@company.com,900000599,Legal
EMP0600,10600,Aarav,Sharma,Female,1983-02-14,2018-10-13,aarav.sharma.600@company.com,900000600,Engineering
EMP0601,10601,Ananya,Singh,Male,1994-08-07,2016-11-28,ananya.singh.601@company.com,900000601,Support
EMP0602,10602,Arjun,Joshi,Female,1981-07-25,2010-10-01,arjun.joshi.602@company.com,900000602,Finance
EMP0603,10603,Ananya,Reddy,Female,1994-05-09,2019-01-26,ananya.reddy.603@company.com,900000603,Finance
EMP0604,10604,Ananya,Gupta,Female,1978-05-31,2019-03-05,ananya.gupta.604@company.com,900000604,HR
EMP0605,10605,Ananya,Patel,Male,1988-06-22,2010-06-23,ananya.patel.605@company.com,900000605,Engineering
EMP0606,10606,Sai,Joshi,Male,1991-03-11,2010-01-07,sai.joshi.606@company.com,900000606,Engineering
EMP0607,10607,Ananya,Joshi,Female,1978-11-07,2010-06-06,ananya.joshi.607@company.com,900000607,Finance
EMP0608,10608,Aadhya,Sharma,Male,1972-04-30,2015-08-30,aadhya.sharma.608@company.com,900000608,Support
EMP0609,10609,Sai,Sharma,Female,1995-04-30,2014-09-23,sai.sharma.609@company.com,900000609,Product
EMP0610,10610,Arjun,Gupta,Male,1971-06-26,2013-12-11,arjun.gupta.610@company.com,900000610,Engineering
EMP0611,10611,Aadhya,Gupta,Female,1979-07-03,2015-11-15,aadhya.gupta.611@company.com,900000611,Support
EMP0612,10612,Sai,Reddy,Male,1976-03-18,2021-08-17,sai.reddy.612@company.com,900000612,Sales
EMP0613,10613,Vihaan,Verma,Female,1978-01-03,2023-02-11,vihaan.verma.613@company.com,900000613,Support
EMP0614,10614,Ishaan,Verma,Female,1991-05-16,2023-05-01,ishaan.verma.614@company.com,900000614,Marketing
EMP0615,10615,Vihaan,Sharma,Male,1999-07-30,2015-07-27,vihaan.sharma.615@company.com,900000615,Sales
EMP0616,10616,Ishaan,Verma,Male,1995-10-23,2022-01-25,ishaan.verma.616@company.com,900000616,Sales
EMP0617,10617,Aditya,Kumar,Female,1988-03-26,2015-09-29,aditya.kumar.617@company.com,900000617,Legal
EMP0618,10618,Vihaan,Verma,Male,1991-08-12,2021-10-28,vihaan.verma.618@company.com,900000618,Support
EMP0619,10619,Ishani,Nair,Female,1981-12-01,2023-07-26,ishani.nair.619@company.com,900000619,Product
EMP0620,10620,Vihaan,Joshi,Female,1991-09-17,2012-08-22,vihaan.joshi.620@company.com,900000620,Engineering
EMP0621,10621,Aarav,Singh,Female,1994-06-26,2013-02-28,aarav.singh.621@company.com,900000621,Support
EMP0622,10622,Aditya,Singh,Female,2001-07-29,2023-09-02,aditya.singh.622@company.com,900000622,Engineering
EMP0623,10623,Diya,Reddy,Male,1971-09-12,2018-05-24,diya.reddy.623@company.com,900000623,Engineering
EMP0624,10624,Vihaan,Nair,Female,2000-08-11,2019-03-15,vihaan.nair.624@company.com,900000624,Engineering
EMP0625,10625,Arjun,Singh,Male,1993-06-24,2017-06-05,arjun.singh.625@company.com,900000625,Sales
EMP0626,10626,Diya,Kumar,Male,1983-01-05,2020-10-23,diya.kumar.626@company.com,900000626,Product
EMP0627,10627,Ananya,Patel,Female,1989-01-21,2013-01-03,ananya.patel.627@company.com,900000627,Support
EMP0628,10628,Aadhya,Patel,Male,1979-10-30,2010-05-11,aadhya.patel.628@company.com,900000628,Support
EMP0629,10629,Aarav,Singh,Male,2001-04-10,2022-05-28,aarav.singh.629@company.com,900000629,Marketing
EMP0630,10630,Aadhya,Verma,Male,1984-12-22,2019-12-28,aadhya.verma.630@company.com,900000630,Finance
EMP0631,10631,Ishaan,Nair,Female,1974-03-24,2017-10-11,ishaan.nair.631@company.com,900000631,Product
EMP0632,10632,Sai,Reddy,Female,1988-10-13,2017-11-13,sai.reddy.632@company.com,900000632,Marketing
EMP0633,10633,Aarav,Patel,Female,2002-01-02,2012-10-04,aarav.patel.633@company.com,900000633,Sales
EMP0634,10634,Arjun,Verma,Male,1982-02-24,2015-08-22,arjun.verma.634@company.com,900000634,HR
EMP0635,10635,Ishani,Gupta,Female,1971-12-01,2014-11-09,ishani.gupta.635@company.com,900000635,Engineering
EMP0636,10636,Vihaan,Sharma,Female,2002-08-22,2021-11-04,vihaan.sharma.636@company.com,900000636,Support
EMP0637,10637,Sai,Kumar,Male,1970-01-01,2022-05-01,sai.kumar.637@company.com,900000637,Product
EMP0638,10638,Aarav,Nair,Male,1992-11-27,2010-10-19,aarav.nair.638@company.com,900000638,Legal
EMP0639,10639,Ishani,Sharma,Female,1971-11-25,2013-08-17,ishani.sharma.639@company.com,900000639,Product
EMP0640,10640,Sai,Reddy,Female,1970-04-17,2016-10-13,sai.reddy.640@company.com,900000640,Legal
EMP0641,10641,Vihaan,Nair,Female,1987-05-08,2011-07-28,vihaan.nair.641@company.com,900000641,Product
EMP0642,10642,Aadhya,Patel,Male,1986-11-07,2012-09-16,aadhya.patel.642@company.com,900000642,Product
EMP0643,10643,Vihaan,Iyer,Male,1974-05-04,2015-11-10,vihaan.iyer.643@company.com,900000643,Marketing
EMP0644,10644,Ishani,Nair,Female,1989-07-02,2023-04-07,ishani.nair.644@company.com,900000644,Marketing
EMP0645,10645,Diya,Gupta,Female,1990-10-05,2020-03-13,diya.gupta.645@company.com,900000645,Marketing
EMP0646,10646,Arjun,Patel,Male,1979-12-11,2015-09-22,arjun.patel.646@company.com,900000646,HR
EMP0647,10647,Aadhya,Gupta,Female,1985-09-06,2016-01-09,aadhya.gupta.647@company.com,900000647,Legal
EMP0648,10648,Vihaan,Reddy,Female,1973-01-01,2016-01-29,vihaan.reddy.648@company.com,900000648,Engineering
EMP0649,10649,Aarav,Verma,Male,1988-08-22,2019-07-10,aarav.verma.649@company.com,900000649,Product
EMP0650,10650,Ishani,Patel,Female,1975-06-21,2020-05-04,ishani.patel.650@company.com,900000650,Support
EMP0651,10651,Aarav,Iyer,Male,1990-10-15,2016-06-06,aarav.iyer.651@company.com,900000651,Legal
EMP0652,10652,Ishaan,Iyer,Female,1991-06-25,2020-07-10,ishaan.iyer.652@company.com,900000652,Marketing
EMP0653,10653,Aarav,Reddy,Female,1998-08-30,2023-03-15,aarav.reddy.653@company.com,900000653,Marketing
EMP0654,10654,Aditya,Gupta,Female,1971-04-05,2023-08-10,aditya.gupta.654@company.com,900000654,Support
EMP0655,10655,Aditya,Kumar,Male,1971-03-18,2019-09-29,aditya.kumar.655@company.com,900000655,Sales
EMP0656,10656,Arjun,Reddy,Male,1999-04-02,2015-08-06,arjun.reddy.656@company.com,900000656,Finance
EMP0657,10657,Ananya,Reddy,Female,1980-06-28,2016-03-16,ananya.reddy.657@company.com,900000657,HR
EMP0658,10658,Aditya,Reddy,Male,1972-11-13,2010-06-08,aditya.reddy.658@company.com,900000658,Sales
EMP0659,10659,Aadhya,Singh,Male,1971-02-27,2015-10-03,aadhya.singh.659@company.com,900000659,Engineering
EMP0660,10660,Vihaan,Joshi,Female,1977-06-18,2018-09-15,vihaan.joshi.660@company.com,900000660,Product
EMP0661,10661,Vihaan,Gupta,Female,1986-03-25,2021-05-01,vihaan.gupta.661@company.com,900000661,Engineering
EMP0662,10662,Ishani,Joshi,Male,1974-02-01,2010-12-08,ishani.joshi.662@company.com,900000662,Product
EMP0663,10663,Sai,Patel,Male,1995-02-22,2021-10-20,sai.patel.663@company.com,900000663,Finance
EMP0664,10664,Aditya,Joshi,Female,1979-01-18,2019-09-03,aditya.joshi.664@company.com,900000664,Legal
EMP0665,10665,Sai,Kumar,Female,1989-07-29,2016-02-25,sai.kumar.665@company.com,900000665,HR
EMP0666,10666,Sai,Reddy,Male,2000-05-30,2011-12-20,sai.reddy.666@company.com,900000666,Marketing
EMP0667,10667,Ananya,Joshi,Male,1990-11-11,2020-01-04,ananya.joshi.667@company.com,900000667,Support
EMP0668,10668,Vihaan,Nair,Male,1977-03-10,2015-03-23,vihaan.nair.668@company.com,900000668,HR
EMP0669,10669,Vihaan,Gupta,Female,1984-10-09,2021-01-14,vihaan.gupta.669@company.com,900000669,Engineering
EMP0670,10670,Vihaan,Patel,Female,1976-10-19,2016-12-17,vihaan.patel.670@company.com,900000670,Product
EMP0671,10671,Ishaan,Iyer,Female,1974-10-13,2017-03-28,ishaan.iyer.671@company.com,900000671,Finance
EMP0672,10672,Aditya,Singh,Female,1983-10-27,2016-01-23,aditya.singh.672@company.com,900000672,Legal
EMP0673,10673,Ananya,Verma,Female,1971-04-16,2012-06-05,ananya.verma.673@company.com,900000673,HR
EMP0674,10674,Aarav,Sharma,Male,1986-02-12,2017-01-25,aarav.sharma.674@company.com,900000674,HR
EMP0675,10675,Sai,Reddy,Female,1998-02-03,2019-05-03,sai.reddy.675@company.com,900000675,Product
EMP0676,10676,Arjun,Patel,Female,1976-09-16,2016-06-06,arjun.patel.676@company.com,900000676,Support
EMP0677,10677,Arjun,Verma,Male,1999-01-29,2019-10-14,arjun.verma.677@company.com,900000677,Engineering
EMP0678,10678,Aadhya,Reddy,Male,1972-08-25,2020-02-03,aadhya.reddy.678@company.com,900000678,Sales
EMP0679,10679,Aadhya,Reddy,Female,1977-11-21,2015-08-14,aadhya.reddy.679@company.com,900000679,Sales
EMP0680,10680,Vihaan,Sharma,Male,1994-10-18,2010-03-05,vihaan.sharma.680@company.com,900000680,Legal
EMP0681,10681,Sai,Sharma,Male,1989-05-29,2013-07-14,sai.sharma.681@company.com,900000681,Engineering
EMP0682,10682,Ananya,Verma,Male,1980-12-25,2012-03-02,ananya.verma.682@company.com,900000682,HR
EMP0683,10683,Arjun,Joshi,Male,1999-07-23,2023-06-23,arjun.joshi.683@company.com,900000683,Support
EMP0684,10684,Ishaan,Nair,Female,1986-05-13,2015-03-04,ishaan.nair.684@company.com,900000684,HR
EMP0685,10685,Arjun,Patel,Female,1983-01-22,2011-02-26,arjun.patel.685@company.com,900000685,Finance
EMP0686,10686,Arjun,Verma,Male,1971-01-20,2015-11-25,arjun.verma.686@company.com,900000686,Legal
EMP0687,10687,Ishaan,Patel,Male,1981-03-31,2015-12-28,ishaan.patel.687@company.com,900000687,Finance
EMP0688,10688,Aarav,Sharma,Female,1978-11-14,2017-06-01,aarav.sharma.688@company.com,900000688,Marketing
EMP0689,10689,Arjun,Iyer,Male,1972-02-26,2020-04-05,arjun.iyer.689@company.com,900000689,Marketing
EMP0690,10690,Aditya,Singh,Female,1981-04-28,2010-04-22,aditya.singh.690@company.com,900000690,Engineering
EMP0691,10691,Ananya,Patel,Female,1987-01-10,2019-01-21,ananya.patel.691@company.com,900000691,Sales
EMP0692,10692,Aditya,Nair,Female,1988-04-13,2022-07-13,aditya.nair.692@company.com,900000692,Support
EMP0693,10693,Arjun,Verma,Male,1981-02-04,2022-09-30,arjun.verma.693@company.com,900000693,Support
EMP0694,10694,Ishaan,Singh,Female,1996-08-04,2016-01-26,ishaan.singh.694@company.com,900000694,Finance
EMP0695,10695,Aditya,Iyer,Male,1992-09-02,2015-09-15,aditya.iyer.695@company.com,900000695,Legal
EMP0696,10696,Aarav,Verma,Male,1987-01-13,2017-08-04,aarav.verma.696@company.com,900000696,Finance
EMP0697,10697,Ishaan,Joshi,Male,1980-03-07,2019-07-28,ishaan.joshi.697@company.com,900000697,Product
EMP0698,10698,Arjun,Kumar,Female,1983-07-03,2020-02-13,arjun.kumar.698@company.com,900000698,Support
EMP0699,10699,Aadhya,Singh,Male,1985-08-17,2023-06-17,aadhya.singh.699@company.com,900000699,Sales
EMP0700,10700,Vihaan,Reddy,Female,1980-06-21,2019-09-19,vihaan.reddy.700@company.com,900000700,Product
EMP0701,10701,Sai,Sharma,Female,1997-12-08,2019-12-14,sai.sharma.701@company.com,900000701,Marketing
EMP0702,10702,Arjun,Iyer,Female,1975-02-01,2018-04-25,arjun.iyer.702@company.com,900000702,Finance
EMP0703,10703,Sai,Reddy,Female,1970-02-20,2012-12-01,sai.reddy.703@company.com,900000703,Engineering
EMP0704,10704,Ananya,Sharma,Male,1991-03-08,2010-10-10,ananya.sharma.704@company.com,900000704,HR
EMP0705,10705,Ishaan,Sharma,Female,1998-09-12,2015-03-23,ishaan.sharma.705@company.com,900000705,Finance
EMP0706,10706,Ishani,Gupta,Female,1976-04-04,2014-12-18,ishani.gupta.706@company.com,900000706,Finance
EMP0707,10707,Diya,Reddy,Male,1986-02-24,2022-02-24,diya.reddy.707@company.com,900000707,Legal
EMP0708,10708,Aarav,Patel,Female,1977-12-12,2019-06-27,aarav.patel.708@company.com,900000708,HR
EMP0709,10709,Ishaan,Gupta,Male,1992-05-24,2015-07-04,ishaan.gupta.709@company.com,900000709,Finance
EMP0710,10710,Ishaan,Gupta,Female,1998-06-06,2014-03-13,ishaan.gupta.710@company.com,900000710,HR
EMP0711,10711,Sai,Verma,Female,1982-10-17,2015-08-04,sai.verma.711@company.com,900000711,Legal
EMP0712,10712,Aarav,Singh,Male,1975-05-28,2020-01-09,aarav.singh.712@company.com,900000712,Legal
EMP0713,10713,Sai,Reddy,Female,1972-05-29,2012-07-03,sai.reddy.713@company.com,900000713,Legal
EMP0714,10714,Aarav,Joshi,Male,1975-12-11,2021-02-03,aarav.joshi.714@company.com,900000714,Finance
EMP0715,10715,Aditya,Gupta,Male,1986-10-11,2022-06-30,aditya.gupta.715@company.com,900000715,Support
EMP0716,10716,Ananya,Nair,Male,2000-06-01,2014-03-12,ananya.nair.716@company.com,900000716,Engineering
EMP0717,10717,Ishaan,Reddy,Male,1978-10-08,2016-12-24,ishaan.reddy.717@company.com,900000717,Marketing
EMP0718,10718,Aadhya,Verma,Male,1990-01-10,2013-03-05,aadhya.verma.718@company.com,900000718,Sales
EMP0719,10719,Vihaan,Joshi,Female,1977-11-07,2011-09-25,vihaan.joshi.719@company.com,900000719,HR
EMP0720,10720,Ananya,Reddy,Male,1979-11-18,2020-12-22,ananya.reddy.720@company.com,900000720,Legal
EMP0721,10721,Diya,Gupta,Female,1978-12-24,2012-01-07,diya.gupta.721@company.com,900000721,Sales
EMP0722,10722,Diya,Patel,Male,1977-10-21,2014-07-09,diya.patel.722@company.com,900000722,Engineering
EMP0723,10723,Aditya,Kumar,Male,1999-07-12,2018-11-15,aditya.kumar.723@company.com,900000723,Product
EMP0724,10724,Arjun,Singh,Female,1990-04-24,2017-07-18,arjun.singh.724@company.com,900000724,Engineering
EMP0725,10725,Aadhya,Joshi,Female,2001-10-16,2015-06-05,aadhya.joshi.725@company.com,900000725,Engineering
EMP0726,10726,Ishaan,Reddy,Female,1988-02-29,2013-09-06,ishaan.reddy.726@company.com,900000726,Engineering
EMP0727,10727,Aditya,Gupta,Male,1985-03-27,2022-08-04,aditya.gupta.727@company.com,900000727,HR
EMP0728,10728,Arjun,Verma,Female,1979-09-23,2019-09-25,arjun.verma.728@company.com,900000728,Finance
EMP0729,10729,Ishaan,Sharma,Male,1983-06-19,2018-09-06,ishaan.sharma.729@company.com,900000729,Support
EMP0730,10730,Arjun,Nair,Female,1970-05-22,2018-04-21,arjun.nair.730@company.com,900000730,Sales
EMP0731,10731,Ananya,Kumar,Male,1993-03-22,2015-02-06,ananya.kumar.731@company.com,900000731,Marketing
EMP0732,10732,Ishani,Sharma,Female,1972-02-18,2019-11-14,ishani.sharma.732@company.com,900000732,Legal
EMP0733,10733,Ishaan,Sharma,Female,1999-12-30,2018-01-14,ishaan.sharma.733@company.com,900000733,Legal
EMP0734,10734,Sai,Iyer,Female,1972-09-09,2019-11-27,sai.iyer.734@company.com,900000734,Marketing
EMP0735,10735,Aditya,Verma,Female,1974-03-22,2019-03-17,aditya.verma.735@company.com,900000735,Marketing
EMP0736,10736,Ananya,Reddy,Male,1992-11-10,2018-05-29,ananya.reddy.736@company.com,900000736,Legal
EMP0737,10737,Ishani,Gupta,Male,1988-12-13,2010-12-10,ishani.gupta.737@company.com,900000737,Legal
EMP0738,10738,Vihaan,Joshi,Female,1999-06-19,2016-12-15,vihaan.joshi.738@company.com,900000738,Sales
EMP0739,10739,Sai,Gupta,Male,1987-10-09,2019-12-08,sai.gupta.739@company.com,900000739,Sales
EMP0740,10740,Ishaan,Singh,Female,1970-03-04,2015-12-05,ishaan.singh.740@company.com,900000740,HR
EMP0741,10741,Ishani,Joshi,Male,1973-05-23,2014-06-30,ishani.joshi.741@company.com,900000741,Finance
EMP0742,10742,Aditya,Kumar,Male,1994-02-22,2015-05-12,aditya.kumar.742@company.com,900000742,Support
EMP0743,10743,Ishaan,Iyer,Male,1986-10-08,2014-07-18,ishaan.iyer.743@company.com,900000743,Legal
EMP0744,10744,Aadhya,Nair,Female,1999-04-11,2019-09-28,aadhya.nair.744@company.com,900000744,Legal
EMP0745,10745,Sai,Gupta,Male,1984-11-07,2011-01-11,sai.gupta.745@company.com,900000745,Support
EMP0746,10746,Diya,Gupta,Male,1972-08-30,2018-12-13,diya.gupta.746@company.com,900000746,Finance
EMP0747,10747,Aadhya,Verma,Male,1980-11-08,2014-08-24,aadhya.verma.747@company.com,900000747,Marketing
EMP0748,10748,Aadhya,Nair,Male,1971-01-28,2014-05-12,aadhya.nair.748@company.com,900000748,Sales
EMP0749,10749,Ananya,Joshi,Female,1979-08-18,2014-04-24,ananya.joshi.749@company.com,900000749,Marketing
EMP0750,10750,Aditya,Kumar,Female,1981-07-25,2014-10-12,aditya.kumar.750@company.com,900000750,Engineering
EMP0751,10751,Sai,Singh,Male,1977-12-15,2018-08-23,sai.singh.751@company.com,900000751,HR
EMP0752,10752,Ishani,Iyer,Male,1992-03-05,2016-04-28,ishani.iyer.752@company.com,900000752,Engineering
EMP0753,10753,Aarav,Gupta,Female,1984-04-04,2020-09-27,aarav.gupta.753@company.com,900000753,Marketing
EMP0754,10754,Ishani,Patel,Male,1995-08-28,2010-04-19,ishani.patel.754@company.com,900000754,Legal
EMP0755,10755,Sai,Verma,Male,1987-10-11,2013-05-07,sai.verma.755@company.com,900000755,HR
EMP0756,10756,Aditya,Gupta,Female,1970-07-17,2022-10-16,aditya.gupta.756@company.com,900000756,Engineering
EMP0757,10757,Diya,Gupta,Female,1983-02-24,2022-02-15,diya.gupta.757@company.com,900000757,Finance
EMP0758,10758,Ananya,Gupta,Female,1978-02-26,2011-08-03,ananya.gupta.758@company.com,900000758,Legal
EMP0759,10759,Sai,Nair,Female,1980-12-10,2018-03-18,sai.nair.759@company.com,900000759,Product
EMP0760,10760,Diya,Reddy,Male,1970-02-03,2017-08-07,diya.reddy.760@company.com,900000760,Support
EMP0761,10761,Sai,Joshi,Female,1980-03-24,2016-03-08,sai.joshi.761@company.com,900000761,Engineering
EMP0762,10762,Ananya,Singh,Male,1993-01-05,2014-09-23,ananya.singh.762@company.com,900000762,Support
EMP0763,10763,Ananya,Verma,Female,1990-01-06,2015-01-17,ananya.verma.763@company.com,900000763,Finance
EMP0764,10764,Ananya,Nair,Female,1986-11-26,2013-03-01,ananya.nair.764@company.com,900000764,HR
EMP0765,10765,Aadhya,Reddy,Male,1975-10-20,2017-01-13,aadhya.reddy.765@company.com,900000765,HR
EMP0766,10766,Vihaan,Gupta,Male,1979-12-05,2018-08-04,vihaan.gupta.766@company.com,900000766,Marketing
EMP0767,10767,Sai,Patel,Male,1981-05-16,2016-01-22,sai.patel.767@company.com,900000767,Engineering
EMP0768,10768,Aadhya,Kumar,Male,1996-07-13,2022-10-09,aadhya.kumar.768@company.com,900000768,Finance
EMP0769,10769,Vihaan,Reddy,Male,1997-03-30,2014-06-03,vihaan.reddy.769@company.com,900000769,Sales
EMP0770,10770,Arjun,Sharma,Female,1975-03-29,2022-11-07,arjun.sharma.770@company.com,900000770,HR
EMP0771,10771,Ishani,Iyer,Male,1984-12-06,2015-12-24,ishani.iyer.771@company.com,900000771,Marketing
EMP0772,10772,Aadhya,Sharma,Male,1999-04-02,2023-05-28,aadhya.sharma.772@company.com,900000772,HR
EMP0773,10773,Ishaan,Singh,Male,1998-11-09,2014-11-13,ishaan.singh.773@company.com,900000773,Support
EMP0774,10774,Aditya,Verma,Female,1970-12-12,2011-03-26,aditya.verma.774@company.com,900000774,Finance
EMP0775,10775,Ananya,Iyer,Female,1988-02-29,2022-08-08,ananya.iyer.775@company.com,900000775,Support
EMP0776,10776,Aditya,Reddy,Female,1977-01-03,2018-01-27,aditya.reddy.776@company.com,900000776,Engineering
EMP0777,10777,Arjun,Reddy,Male,1995-02-09,2016-10-11,arjun.reddy.777@company.com,900000777,Product
EMP0778,10778,Aadhya,Patel,Male,1990-03-08,2015-10-26,aadhya.patel.778@company.com,900000778,Finance
EMP0779,10779,Sai,Joshi,Male,1975-06-13,2012-03-09,sai.joshi.779@company.com,900000779,Finance
EMP0780,10780,Sai,Kumar,Female,1972-01-12,2015-11-24,sai.kumar.780@company.com,900000780,Sales
EMP0781,10781,Aditya,Kumar,Female,1974-09-20,2013-04-04,aditya.kumar.781@company.com,900000781,Support
EMP0782,10782,Aditya,Verma,Female,1999-03-17,2017-01-04,aditya.verma.782@company.com,900000782,Engineering
EMP0783,10783,Sai,Nair,Male,1978-03-08,2010-10-31,sai.nair.783@company.com,900000783,Sales
EMP0784,10784,Arjun,Verma,Male,1991-07-08,2018-11-02,arjun.verma.784@company.com,900000784,Engineering
EMP0785,10785,Aarav,Iyer,Male,1972-10-05,2020-12-24,aarav.iyer.785@company.com,900000785,Marketing
EMP0786,10786,Ishaan,Iyer,Male,1999-07-08,2017-01-06,ishaan.iyer.786@company.com,900000786,Finance
EMP0787,10787,Diya,Iyer,Female,1982-03-12,2016-01-12,diya.iyer.787@company.com,900000787,HR
EMP0788,10788,Diya,Verma,Male,1976-08-22,2023-02-11,diya.verma.788@company.com,900000788,Support
EMP0789,10789,Ananya,Joshi,Male,1984-05-05,2021-11-10,ananya.joshi.789@company.com,900000789,HR
EMP0790,10790,Sai,Kumar,Female,1992-03-15,2015-03-07,sai.kumar.790@company.com,900000790,Engineering
EMP0791,10791,Arjun,Sharma,Female,2002-11-04,2012-05-20,arjun.sharma.791@company.com,900000791,HR
EMP0792,10792,Ishaan,Iyer,Female,1983-12-28,2021-02-25,ishaan.iyer.792@company.com,900000792,HR
EMP0793,10793,Sai,Nair,Female,1977-08-27,2022-08-20,sai.nair.793@company.com,900000793,Sales
EMP0794,10794,Aditya,Reddy,Male,1985-11-27,2021-10-10,aditya.reddy.794@company.com,900000794,Finance
EMP0795,10795,Ishaan,Singh,Female,1996-12-02,2014-06-02,ishaan.singh.795@company.com,900000795,Marketing
EMP0796,10796,Diya,Sharma,Male,1991-01-27,2023-05-19,diya.sharma.796@company.com,900000796,Support
EMP0797,10797,Diya,Nair,Male,1985-01-21,2010-05-21,diya.nair.797@company.com,900000797,Product
EMP0798,10798,Sai,Gupta,Female,1989-02-19,2019-04-09,sai.gupta.798@company.com,900000798,Marketing
EMP0799,10799,Ishaan,Verma,Female,1998-05-05,2010-04-02,ishaan.verma.799@company.com,900000799,Finance
EMP0800,10800,Ishaan,Sharma,Female,2002-02-16,2017-06-30,ishaan.sharma.800@company.com,900000800,Sales
EMP0801,10801,Sai,Reddy,Male,2001-07-13,2017-09-30,sai.reddy.801@company.com,900000801,HR
EMP0802,10802,Ishani,Sharma,Female,1975-04-01,2010-06-14,ishani.sharma.802@company.com,900000802,HR
EMP0803,10803,Ananya,Joshi,Male,1976-01-06,2011-04-22,ananya.joshi.803@company.com,900000803,Engineering
EMP0804,10804,Aadhya,Joshi,Female,1998-01-14,2018-08-24,aadhya.joshi.804@company.com,900000804,Sales
EMP0805,10805,Ishaan,Gupta,Male,1994-11-22,2016-04-27,ishaan.gupta.805@company.com,900000805,HR
EMP0806,10806,Sai,Gupta,Female,1994-07-11,2011-02-19,sai.gupta.806@company.com,900000806,Legal
EMP0807,10807,Sai,Verma,Male,1984-08-25,2020-11-13,sai.verma.807@company.com,900000807,Marketing
EMP0808,10808,Aditya,Gupta,Female,1999-09-07,2020-01-06,aditya.gupta.808@company.com,900000808,Engineering
EMP0809,10809,Aadhya,Sharma,Female,1991-06-03,2017-10-02,aadhya.sharma.809@company.com,900000809,Engineering
EMP0810,10810,Sai,Gupta,Female,1991-07-06,2015-09-22,sai.gupta.810@company.com,900000810,Marketing
EMP0811,10811,Ananya,Nair,Male,1996-10-13,2010-07-14,ananya.nair.811@company.com,900000811,Support
EMP0812,10812,Ananya,Singh,Female,1978-06-03,2021-07-06,ananya.singh.812@company.com,900000812,Engineering
EMP0813,10813,Diya,Sharma,Male,2002-04-19,2020-01-18,diya.sharma.813@company.com,900000813,Legal
EMP0814,10814,Ishani,Kumar,Female,1998-03-22,2013-06-30,ishani.kumar.814@company.com,900000814,Legal
EMP0815,10815,Vihaan,Kumar,Female,1981-06-22,2020-08-21,vihaan.kumar.815@company.com,900000815,Finance
EMP0816,10816,Ananya,Nair,Male,1975-04-02,2010-09-03,ananya.nair.816@company.com,900000816,Legal
EMP0817,10817,Aadhya,Iyer,Male,2000-03-04,2016-07-20,aadhya.iyer.817@company.com,900000817,Support
EMP0818,10818,Aditya,Joshi,Male,1975-05-26,2014-03-29,aditya.joshi.818@company.com,900000818,Sales
EMP0819,10819,Diya,Singh,Female,1970-06-17,2013-06-06,diya.singh.819@company.com,900000819,Engineering
EMP0820,10820,Ananya,Sharma,Male,1971-05-12,2012-06-10,ananya.sharma.820@company.com,900000820,Product
EMP0821,10821,Arjun,Singh,Male,1981-06-21,2014-02-10,arjun.singh.821@company.com,900000821,Support
EMP0822,10822,Ishaan,Sharma,Male,2002-03-19,2013-12-12,ishaan.sharma.822@company.com,900000822,Support
EMP0823,10823,Aadhya,Joshi,Female,1995-11-17,2013-05-08,aadhya.joshi.823@company.com,900000823,HR
EMP0824,10824,Aarav,Gupta,Female,1970-06-07,2014-02-26,aarav.gupta.824@company.com,900000824,Sales
EMP0825,10825,Arjun,Verma,Male,1999-03-27,2012-03-03,arjun.verma.825@company.com,900000825,HR
EMP0826,10826,Ishani,Reddy,Male,1978-01-07,2012-08-08,ishani.reddy.826@company.com,900000826,HR
EMP0827,10827,Aditya,Gupta,Female,1971-12-20,2013-09-05,aditya.gupta.827@company.com,900000827,Product
EMP0828,10828,Vihaan,Patel,Male,1981-01-25,2014-06-03,vihaan.patel.828@company.com,900000828,Marketing
EMP0829,10829,Aadhya,Sharma,Male,1983-09-03,2018-04-23,aadhya.sharma.829@company.com,900000829,Support
EMP0830,10830,Sai,Singh,Male,1970-01-21,2017-11-12,sai.singh.830@company.com,900000830,Marketing
EMP0831,10831,Ishaan,Reddy,Female,1998-11-18,2023-01-19,ishaan.reddy.831@company.com,900000831,Engineering
EMP0832,10832,Aarav,Verma,Female,1995-06-19,2019-09-18,aarav.verma.832@company.com,900000832,Engineering
EMP0833,10833,Ishaan,Sharma,Female,1978-04-05,2020-08-15,ishaan.sharma.833@company.com,900000833,Sales
EMP0834,10834,Aadhya,Patel,Male,1984-02-29,2013-08-30,aadhya.patel.834@company.com,900000834,Support
EMP0835,10835,Diya,Iyer,Male,1989-03-10,2013-12-25,diya.iyer.835@company.com,900000835,HR
EMP0836,10836,Aditya,Kumar,Female,2002-06-16,2016-06-20,aditya.kumar.836@company.com,900000836,Product
EMP0837,10837,Aditya,Iyer,Female,1979-01-06,2019-03-20,aditya.iyer.837@company.com,900000837,Support
EMP0838,10838,Aarav,Verma,Male,1998-09-10,2023-05-27,aarav.verma.838@company.com,900000838,Legal
EMP0839,10839,Sai,Reddy,Female,1994-02-24,2012-09-18,sai.reddy.839@company.com,900000839,HR
EMP0840,10840,Diya,Patel,Male,1999-03-25,2021-11-18,diya.patel.840@company.com,900000840,Product
EMP0841,10841,Diya,Sharma,Female,1993-01-13,2023-04-09,diya.sharma.841@company.com,900000841,Support
EMP0842,10842,Ishaan,Sharma,Female,1981-01-05,2019-08-07,ishaan.sharma.842@company.com,900000842,Legal
EMP0843,10843,Arjun,Gupta,Female,1984-04-28,2018-08-28,arjun.gupta.843@company.com,900000843,Sales
EMP0844,10844,Diya,Sharma,Male,1980-10-23,2016-03-12,diya.sharma.844@company.com,900000844,HR
EMP0845,10845,Diya,Nair,Male,1992-11-13,2022-04-24,diya.nair.845@company.com,900000845,Finance
EMP0846,10846,Ishaan,Singh,Male,1999-04-23,2015-09-28,ishaan.singh.846@company.com,900000846,Sales
EMP0847,10847,Aditya,Kumar,Male,2001-07-30,2012-10-10,aditya.kumar.847@company.com,900000847,Legal
EMP0848,10848,Ishaan,Nair,Male,1999-03-28,2017-11-24,ishaan.nair.848@company.com,900000848,Marketing
EMP0849,10849,Vihaan,Verma,Female,1994-07-01,2012-08-28,vihaan.verma.849@company.com,900000849,Engineering
EMP0850,10850,Aarav,Singh,Female,1992-08-29,2015-10-03,aarav.singh.850@company.com,900000850,HR
EMP0851,10851,Ishani,Singh,Male,1971-08-15,2020-11-02,ishani.singh.851@company.com,900000851,Marketing
EMP0852,10852,Sai,Nair,Female,1975-01-21,2022-08-05,sai.nair.852@company.com,900000852,Support
EMP0853,10853,Aditya,Kumar,Female,1983-12-14,2019-04-20,aditya.kumar.853@company.com,900000853,Product
EMP0854,10854,Sai,Joshi,Female,1989-03-08,2016-07-01,sai.joshi.854@company.com,900000854,Sales
EMP0855,10855,Arjun,Sharma,Female,1998-08-11,2018-07-01,arjun.sharma.855@company.com,900000855,Product
EMP0856,10856,Aadhya,Patel,Female,1985-10-15,2018-12-06,aadhya.patel.856@company.com,900000856,Marketing
EMP0857,10857,Aarav,Patel,Female,2000-09-30,2014-01-02,aarav.patel.857@company.com,900000857,Finance
EMP0858,10858,Ananya,Singh,Male,1990-11-23,2020-11-20,ananya.singh.858@company.com,900000858,Finance
EMP0859,10859,Vihaan,Reddy,Male,1986-10-25,2013-03-19,vihaan.reddy.859@company.com,900000859,Sales
EMP0860,10860,Sai,Joshi,Female,1981-09-02,2013-10-09,sai.joshi.860@company.com,900000860,Sales
EMP0861,10861,Ishaan,Patel,Female,2001-07-29,2017-05-22,ishaan.patel.861@company.com,900000861,Legal
EMP0862,10862,Diya,Patel,Male,1975-04-01,2013-08-04,diya.patel.862@company.com,900000862,Marketing
EMP0863,10863,Ananya,Iyer,Female,1987-01-21,2013-07-03,ananya.iyer.863@company.com,900000863,Support
EMP0864,10864,Ananya,Verma,Female,1972-04-22,2021-11-03,ananya.verma.864@company.com,900000864,Legal
EMP0865,10865,Arjun,Nair,Female,1979-04-02,2015-06-19,arjun.nair.865@company.com,900000865,Finance
EMP0866,10866,Aditya,Kumar,Female,1975-09-13,2023-06-20,aditya.kumar.866@company.com,900000866,Legal
EMP0867,10867,Ishani,Gupta,Male,1993-11-26,2013-11-07,ishani.gupta.867@company.com,900000867,Legal
EMP0868,10868,Arjun,Iyer,Male,1995-02-15,2023-03-20,arjun.iyer.868@company.com,900000868,HR
EMP0869,10869,Sai,Iyer,Female,1993-05-12,2015-09-10,sai.iyer.869@company.com,900000869,Sales
EMP0870,10870,Vihaan,Kumar,Female,1996-05-22,2017-10-08,vihaan.kumar.870@company.com,900000870,Engineering
EMP0871,10871,Vihaan,Patel,Female,1998-08-29,2013-03-11,vihaan.patel.871@company.com,900000871,Finance
EMP0872,10872,Diya,Joshi,Male,1992-08-20,2011-04-05,diya.joshi.872@company.com,900000872,Engineering
EMP0873,10873,Ananya,Joshi,Male,1985-05-27,2015-05-05,ananya.joshi.873@company.com,900000873,Marketing
EMP0874,10874,Aarav,Verma,Male,1989-01-02,2019-06-07,aarav.verma.874@company.com,900000874,Support
EMP0875,10875,Vihaan,Gupta,Male,1999-12-17,2014-03-25,vihaan.gupta.875@company.com,900000875,Support
EMP0876,10876,Ishani,Joshi,Male,1999-07-27,2020-01-12,ishani.joshi.876@company.com,900000876,Sales
EMP0877,10877,Sai,Sharma,Male,1986-10-15,2012-12-10,sai.sharma.877@company.com,900000877,Sales
EMP0878,10878,Sai,Sharma,Male,1977-10-21,2018-12-17,sai.sharma.878@company.com,900000878,Legal
EMP0879,10879,Arjun,Verma,Female,1991-03-13,2012-06-07,arjun.verma.879@company.com,900000879,Product
EMP0880,10880,Arjun,Nair,Female,1990-10-05,2016-06-13,arjun.nair.880@company.com,900000880,Marketing
EMP0881,10881,Ishaan,Nair,Female,1973-09-08,2015-05-10,ishaan.nair.881@company.com,900000881,Marketing
EMP0882,10882,Aarav,Sharma,Male,1992-04-21,2023-06-24,aarav.sharma.882@company.com,900000882,Support
EMP0883,10883,Arjun,Patel,Female,1980-07-04,2021-07-25,arjun.patel.883@company.com,900000883,HR
EMP0884,10884,Aarav,Kumar,Male,1995-08-17,2014-12-15,aarav.kumar.884@company.com,900000884,Product
EMP0885,10885,Ishani,Patel,Male,1983-02-17,2011-12-16,ishani.patel.885@company.com,900000885,Finance
EMP0886,10886,Ananya,Joshi,Female,1974-03-02,2010-08-18,ananya.joshi.886@company.com,900000886,Engineering
EMP0887,10887,Sai,Joshi,Female,1978-12-04,2021-08-17,sai.joshi.887@company.com,900000887,HR
EMP0888,10888,Diya,Patel,Male,1983-01-26,2011-10-12,diya.patel.888@company.com,900000888,Finance
EMP0889,10889,Diya,Gupta,Male,1979-09-26,2020-07-07,diya.gupta.889@company.com,900000889,HR
EMP0890,10890,Ananya,Joshi,Male,1982-08-21,2016-04-16,ananya.joshi.890@company.com,900000890,Sales
EMP0891,10891,Ishaan,Verma,Female,2002-08-31,2020-11-18,ishaan.verma.891@company.com,900000891,Product
EMP0892,10892,Aditya,Singh,Male,1970-10-30,2020-02-14,aditya.singh.892@company.com,900000892,Finance
EMP0893,10893,Aadhya,Patel,Male,1975-10-22,2015-12-23,aadhya.patel.893@company.com,900000893,Engineering
EMP0894,10894,Arjun,Gupta,Male,1998-09-02,2016-09-02,arjun.gupta.894@company.com,900000894,Engineering
EMP0895,10895,Diya,Sharma,Male,1996-12-21,2016-11-28,diya.sharma.895@company.com,900000895,Engineering
EMP0896,10896,Ishani,Patel,Female,1975-10-03,2014-08-22,ishani.patel.896@company.com,900000896,Engineering
EMP0897,10897,Vihaan,Iyer,Male,1981-10-27,2023-06-26,vihaan.iyer.897@company.com,900000897,Product
EMP0898,10898,Aarav,Iyer,Male,1982-08-02,2012-12-28,aarav.iyer.898@company.com,900000898,Engineering
EMP0899,10899,Aditya,Patel,Female,1974-12-05,2012-11-05,aditya.patel.899@company.com,900000899,HR
EMP0900,10900,Ananya,Sharma,Male,2000-01-26,2010-04-21,ananya.sharma.900@company.com,900000900,Product
EMP0901,10901,Aditya,Verma,Female,1987-04-22,2010-04-08,aditya.verma.901@company.com,900000901,Engineering
EMP0902,10902,Aditya,Iyer,Female,1986-03-06,2013-11-06,aditya.iyer.902@company.com,900000902,Support
EMP0903,10903,Arjun,Iyer,Male,1978-05-16,2021-08-15,arjun.iyer.903@company.com,900000903,Marketing
EMP0904,10904,Ishaan,Gupta,Male,1988-12-14,2019-02-22,ishaan.gupta.904@company.com,900000904,Marketing
EMP0905,10905,Ishaan,Nair,Male,1998-02-02,2019-09-28,ishaan.nair.905@company.com,900000905,Engineering
EMP0906,10906,Aarav,Reddy,Female,1992-07-24,2013-06-17,aarav.reddy.906@company.com,900000906,Legal
EMP0907,10907,Aarav,Kumar,Male,1970-10-05,2011-07-24,aarav.kumar.907@company.com,900000907,Sales
EMP0908,10908,Vihaan,Nair,Female,1977-10-12,2016-05-18,vihaan.nair.908@company.com,900000908,Finance
EMP0909,10909,Diya,Nair,Female,1975-11-23,2010-10-10,diya.nair.909@company.com,900000909,Legal
EMP0910,10910,Ananya,Singh,Female,1982-07-20,2020-05-21,ananya.singh.910@company.com,900000910,HR
EMP0911,10911,Ananya,Singh,Male,1996-03-12,2014-05-12,ananya.singh.911@company.com,900000911,Product
EMP0912,10912,Diya,Singh,Female,1991-11-05,2021-05-08,diya.singh.912@company.com,900000912,Product
EMP0913,10913,Ishani,Patel,Female,1993-10-05,2020-01-14,ishani.patel.913@company.com,900000913,HR
EMP0914,10914,Sai,Patel,Male,1996-02-12,2011-05-28,sai.patel.914@company.com,900000914,HR
EMP0915,10915,Aarav,Nair,Male,1993-07-01,2022-03-16,aarav.nair.915@company.com,900000915,HR
EMP0916,10916,Arjun,Patel,Female,1987-07-14,2010-05-09,arjun.patel.916@company.com,900000916,Legal
EMP0917,10917,Diya,Iyer,Female,1977-09-06,2014-06-13,diya.iyer.917@company.com,900000917,Legal
EMP0918,10918,Vihaan,Singh,Female,1975-11-22,2020-07-13,vihaan.singh.918@company.com,900000918,Product
EMP0919,10919,Ishaan,Verma,Female,1979-10-25,2015-10-09,ishaan.verma.919@company.com,900000919,Product
EMP0920,10920,Arjun,Sharma,Female,1999-03-11,2019-04-17,arjun.sharma.920@company.com,900000920,Marketing
EMP0921,10921,Sai,Iyer,Male,1977-03-03,2013-07-09,sai.iyer.921@company.com,900000921,Engineering
EMP0922,10922,Diya,Reddy,Female,1989-07-27,2020-06-11,diya.reddy.922@company.com,900000922,Engineering
EMP0923,10923,Diya,Verma,Female,1976-01-08,2016-10-17,diya.verma.923@company.com,900000923,Finance
EMP0924,10924,Ishaan,Joshi,Male,1996-02-20,2015-05-16,ishaan.joshi.924@company.com,900000924,Legal
EMP0925,10925,Diya,Singh,Male,1970-01-29,2011-03-07,diya.singh.925@company.com,900000925,Finance
EMP0926,10926,Aarav,Gupta,Male,1973-11-16,2016-09-25,aarav.gupta.926@company.com,900000926,Engineering
EMP0927,10927,Aditya,Iyer,Female,1990-05-15,2021-11-15,aditya.iyer.927@company.com,900000927,Sales
EMP0928,10928,Sai,Reddy,Male,1997-09-01,2011-06-27,sai.reddy.928@company.com,900000928,Product
EMP0929,10929,Ishaan,Kumar,Female,1978-08-30,2017-08-07,ishaan.kumar.929@company.com,900000929,Support
EMP0930,10930,Ishaan,Reddy,Male,2000-01-03,2015-05-27,ishaan.reddy.930@company.com,900000930,Legal
EMP0931,10931,Sai,Kumar,Female,1997-08-20,2019-07-07,sai.kumar.931@company.com,900000931,Engineering
EMP0932,10932,Vihaan,Nair,Male,1978-09-24,2023-08-06,vihaan.nair.932@company.com,900000932,Sales
EMP0933,10933,Ananya,Verma,Female,1984-08-03,2016-10-15,ananya.verma.933@company.com,900000933,Legal
EMP0934,10934,Vihaan,Iyer,Male,1988-04-16,2012-09-17,vihaan.iyer.934@company.com,900000934,Sales
EMP0935,10935,Diya,Verma,Female,1981-03-26,2016-05-28,diya.verma.935@company.com,900000935,Finance
EMP0936,10936,Aditya,Singh,Male,1992-06-20,2021-11-02,aditya.singh.936@company.com,900000936,Marketing
EMP0937,10937,Aarav,Patel,Male,2000-02-05,2021-08-17,aarav.patel.937@company.com,900000937,Legal
EMP0938,10938,Ishani,Kumar,Female,1982-04-20,2014-11-22,ishani.kumar.938@company.com,900000938,Sales
EMP0939,10939,Arjun,Sharma,Female,1980-03-01,2019-01-30,arjun.sharma.939@company.com,900000939,Legal
EMP0940,10940,Vihaan,Nair,Female,1977-06-07,2023-01-30,vihaan.nair.940@company.com,900000940,Finance
EMP0941,10941,Diya,Gupta,Male,1993-10-24,2017-11-04,diya.gupta.941@company.com,900000941,Finance
EMP0942,10942,Vihaan,Reddy,Male,1980-09-22,2023-08-03,vihaan.reddy.942@company.com,900000942,Product
EMP0943,10943,Diya,Reddy,Male,1984-02-24,2019-11-08,diya.reddy.943@company.com,900000943,Support
EMP0944,10944,Sai,Iyer,Male,1998-11-23,2019-12-03,sai.iyer.944@company.com,900000944,HR
EMP0945,10945,Aadhya,Singh,Female,2000-02-03,2016-12-04,aadhya.singh.945@company.com,900000945,Marketing
EMP0946,10946,Arjun,Kumar,Female,1996-11-03,2015-05-08,arjun.kumar.946@company.com,900000946,Finance
EMP0947,10947,Aarav,Singh,Female,1992-10-14,2023-05-02,aarav.singh.947@company.com,900000947,Engineering
EMP0948,10948,Vihaan,Kumar,Female,2002-10-12,2016-07-24,vihaan.kumar.948@company.com,900000948,Legal
EMP0949,10949,Aadhya,Gupta,Male,1990-08-06,2022-09-15,aadhya.gupta.949@company.com,900000949,Engineering
EMP0950,10950,Ananya,Sharma,Female,1987-11-13,2013-12-27,ananya.sharma.950@company.com,900000950,HR
EMP0951,10951,Arjun,Singh,Female,1994-02-11,2019-04-20,arjun.singh.951@company.com,900000951,Product
EMP0952,10952,Diya,Sharma,Female,1984-06-29,2018-12-21,diya.sharma.952@company.com,900000952,Product
EMP0953,10953,Aarav,Singh,Male,1992-11-20,2023-08-18,aarav.singh.953@company.com,900000953,Legal
EMP0954,10954,Aarav,Singh,Male,2000-10-27,2018-09-23,aarav.singh.954@company.com,900000954,HR
EMP0955,10955,Ishaan,Iyer,Female,1971-09-09,2014-01-11,ishaan.iyer.955@company.com,900000955,Legal
EMP0956,10956,Diya,Sharma,Female,1983-01-15,2018-07-23,diya.sharma.956@company.com,900000956,HR
EMP0957,10957,Ananya,Verma,Female,1972-08-01,2018-02-23,ananya.verma.957@company.com,900000957,Marketing
EMP0958,10958,Aarav,Gupta,Male,1982-04-01,2019-03-18,aarav.gupta.958@company.com,900000958,Sales
EMP0959,10959,Sai,Kumar,Female,1985-09-26,2012-09-24,sai.kumar.959@company.com,900000959,Finance
EMP0960,10960,Arjun,Nair,Male,1995-05-31,2017-09-25,arjun.nair.960@company.com,900000960,Sales
EMP0961,10961,Aarav,Singh,Female,1973-03-24,2012-12-12,aarav.singh.961@company.com,900000961,Finance
EMP0962,10962,Arjun,Gupta,Female,1996-03-01,2015-02-17,arjun.gupta.962@company.com,900000962,Legal
EMP0963,10963,Sai,Reddy,Male,1972-07-05,2020-09-20,sai.reddy.963@company.com,900000963,Legal
EMP0964,10964,Diya,Iyer,Female,1996-09-15,2012-02-23,diya.iyer.964@company.com,900000964,HR
EMP0965,10965,Diya,Joshi,Male,1988-06-08,2022-10-02,diya.joshi.965@company.com,900000965,Engineering
EMP0966,10966,Arjun,Iyer,Male,1991-04-23,2012-11-07,arjun.iyer.966@company.com,900000966,Support
EMP0967,10967,Diya,Sharma,Male,1986-05-22,2014-07-18,diya.sharma.967@company.com,900000967,HR
EMP0968,10968,Ishaan,Joshi,Male,1988-10-01,2010-02-19,ishaan.joshi.968@company.com,900000968,Support
EMP0969,10969,Ananya,Verma,Male,1992-05-29,2017-07-19,ananya.verma.969@company.com,900000969,Product
EMP0970,10970,Ishani,Joshi,Male,2001-02-13,2022-01-08,ishani.joshi.970@company.com,900000970,HR
EMP0971,10971,Aadhya,Gupta,Male,1984-04-06,2012-04-27,aadhya.gupta.971@company.com,900000971,HR
EMP0972,10972,Ishani,Joshi,Male,1986-03-27,2015-06-19,ishani.joshi.972@company.com,900000972,Legal
EMP0973,10973,Aadhya,Singh,Female,1975-12-07,2011-07-07,aadhya.singh.973@company.com,900000973,Product
EMP0974,10974,Arjun,Nair,Female,1988-09-26,2011-03-29,arjun.nair.974@company.com,900000974,Product
EMP0975,10975,Aarav,Sharma,Female,1984-03-20,2020-06-11,aarav.sharma.975@company.com,900000975,Marketing
EMP0976,10976,Ishani,Singh,Female,1982-08-12,2019-01-16,ishani.singh.976@company.com,900000976,Support
EMP0977,10977,Aadhya,Gupta,Male,1977-04-03,2020-05-16,aadhya.gupta.977@company.com,900000977,Sales
EMP0978,10978,Arjun,Sharma,Female,2001-11-30,2013-03-23,arjun.sharma.978@company.com,900000978,Legal
EMP0979,10979,Arjun,Patel,Male,1972-06-23,2016-03-09,arjun.patel.979@company.com,900000979,Marketing
EMP0980,10980,Ananya,Nair,Female,1985-04-13,2015-02-19,ananya.nair.980@company.com,900000980,HR
EMP0981,10981,Aarav,Singh,Female,1994-03-31,2011-12-25,aarav.singh.981@company.com,900000981,Sales
EMP0982,10982,Aadhya,Kumar,Female,2000-04-23,2012-12-09,aadhya.kumar.982@company.com,900000982,HR
EMP0983,10983,Aadhya,Gupta,Female,1988-04-08,2012-05-08,aadhya.gupta.983@company.com,900000983,Sales
EMP0984,10984,Arjun,Nair,Female,1987-11-15,2017-11-30,arjun.nair.984@company.com,900000984,Sales
EMP0985,10985,Ananya,Joshi,Female,1998-02-03,2017-12-16,ananya.joshi.985@company.com,900000985,Engineering
EMP0986,10986,Ishaan,Reddy,Female,1972-10-14,2011-09-16,ishaan.reddy.986@company.com,900000986,HR
EMP0987,10987,Aadhya,Iyer,Female,1976-08-10,2020-04-06,aadhya.iyer.987@company.com,900000987,Engineering
EMP0988,10988,Vihaan,Joshi,Male,1995-06-16,2011-08-27,vihaan.joshi.988@company.com,900000988,Legal
EMP0989,10989,Arjun,Gupta,Male,1975-05-07,2011-07-14,arjun.gupta.989@company.com,900000989,Support
EMP0990,10990,Ishaan,Kumar,Female,1999-05-15,2018-10-26,ishaan.kumar.990@company.com,900000990,HR
EMP0991,10991,Sai,Verma,Male,1994-08-12,2018-06-20,sai.verma.991@company.com,900000991,Sales
EMP0992,10992,Diya,Joshi,Male,1970-12-27,2020-01-06,diya.joshi.992@company.com,900000992,Sales
EMP0993,10993,Diya,Sharma,Male,1975-09-25,2015-04-01,diya.sharma.993@company.com,900000993,Marketing
EMP0994,10994,Arjun,Iyer,Male,1990-09-20,2022-08-25,arjun.iyer.994@company.com,900000994,Sales
EMP0995,10995,Ishaan,Sharma,Female,1986-10-12,2014-06-14,ishaan.sharma.995@company.com,900000995,Support
EMP0996,10996,Ishaan,Joshi,Male,1972-01-16,2014-11-14,ishaan.joshi.996@company.com,900000996,Product
EMP0997,10997,Sai,Verma,Male,1977-07-25,2016-09-27,sai.verma.997@company.com,900000997,HR
EMP0998,10998,Ishaan,Joshi,Female,1993-09-16,2015-08-27,ishaan.joshi.998@company.com,900000998,Marketing
EMP0999,10999,Ishani,Iyer,Female,1979-03-10,2013-10-15,ishani.iyer.999@company.com,900000999,Finance
EMP1000,11000,Arjun,Gupta,Male,1987-09-20,2022-01-16,arjun.gupta.1000@company.com,900001000,HR
